sample,id,Region,Spawn,old_id,Period,Year,Inversion,PC1,PC2
201450544,faroe_1,North Atlantic,autumn,201450544,Present-day,2014,North,-0.0526931957723249,-0.0279486502798062
201450545,faroe_2,North Atlantic,autumn,201450545,Present-day,2014,North,-0.0544556860675859,-0.0277107862734794
201550141,faroe_3,North Atlantic,autumn,201550141,Present-day,2015,South,0.0790004558766713,-0.0506871057776938
201550142,faroe_4,North Atlantic,autumn,201550142,Present-day,2015,South,0.0789867841450915,-0.0500609981256398
201550143,faroe_5,North Atlantic,autumn,201550143,Present-day,2015,North,-0.0519208299174949,-0.0280269910754999
201550145,faroe_6,North Atlantic,autumn,201550145,Present-day,2015,South,0.0800315340421871,-0.0452213052682972
201550147,faroe_7,North Atlantic,autumn,201550147,Present-day,2015,South,0.0794005380624825,-0.0431191265709215
201550149,faroe_8,North Atlantic,autumn,201550149,Present-day,2015,North,-0.0537925215959284,-0.0294164299877834
201550562,norwegian_1,Norway,spring,201550562,Present-day,2015,North,-0.0543903987225847,-0.0303338443068386
201550563,norwegian_2,Norway,spring,201550563,Present-day,2015,North,-0.0547256208026808,-0.0293047842150667
201550564,norwegian_3,Norway,spring,201550564,Present-day,2015,North,-0.0525836461902534,-0.0292552781360422
201550565,norwegian_4,Norway,spring,201550565,Present-day,2015,North,-0.0527030428383453,-0.0277960321580693
201550566,norwegian_5,Norway,spring,201550566,Present-day,2015,North,-0.052101284043174,-0.0283134396104497
201550567,norwegian_6,Norway,spring,201550567,Present-day,2015,North,-0.0519147672801432,-0.0262398008348399
201550568,norwegian_7,Norway,spring,201550568,Present-day,2015,North,-0.053017759486989,-0.0294568387566503
201550569,norwegian_8,Norway,spring,201550569,Present-day,2015,North,-0.0538028906555786,-0.0272879490068401
201604591,faroe_9,North Atlantic,autumn,201604591,Present-day,2016,North,-0.0540016748724769,-0.0319223386982035
201650792,northsea_1,North Sea,autumn,201650792,Present-day,2016,South,0.0793895409677785,-0.0448225224725847
201650793,northsea_2,North Sea,autumn,201650793,Present-day,2016,South,0.0801662387879993,-0.0451368900852886
201650794,northsea_3,North Sea,autumn,201650794,Present-day,2016,South,0.0803354735650505,-0.0482033911365474
201650795,northsea_4,North Sea,autumn,201650795,Present-day,2016,South,0.079383462992526,-0.0461567159031211
201650796,northsea_5,North Sea,autumn,201650796,Present-day,2016,South,0.0799628971678601,-0.044872996866114
201650797,northsea_6,North Sea,autumn,201650797,Present-day,2016,South,0.0804965306646353,-0.044455536319207
201650798,northsea_7,North Sea,autumn,201650798,Present-day,2016,South,0.0801544935538027,-0.0437056819212055
201650799,northsea_8,North Sea,autumn,201650799,Present-day,2016,South,0.0806461098633214,-0.0426859153182076
201750143,faroe_10,North Atlantic,autumn,201750143,Present-day,2017,North,-0.0544832603400938,-0.030318134548973
201750144,faroe_11,North Atlantic,autumn,201750144,Present-day,2017,North,-0.0526727934114374,-0.0265492056207371
201750145,faroe_12,North Atlantic,autumn,201750145,Present-day,2017,North,-0.0548356397394009,-0.0286873182080661
201750146,faroe_13,North Atlantic,autumn,201750146,Present-day,2017,North,-0.0536988073556976,-0.0299498137868177
201750147,faroe_14,North Atlantic,autumn,201750147,Present-day,2017,North,-0.0541885283320383,-0.0275708166824378
201750149,faroe_15,North Atlantic,autumn,201750149,Present-day,2017,North,-0.0535922926706397,-0.0290758076763553
201750153,faroe_16,North Atlantic,autumn,201750153,Present-day,2017,North,-0.0536482384904364,-0.0311097744468242
201750154,faroe_17,North Atlantic,autumn,201750154,Present-day,2017,North,-0.0519426607429507,-0.0309813282388788
201750155,faroe_18,North Atlantic,autumn,201750155,Present-day,2017,North,-0.0534413471923889,-0.0300532985132639
201750157,faroe_19,North Atlantic,autumn,201750157,Present-day,2017,North,-0.0548181503391345,-0.0289167860563643
201750158,faroe_20,North Atlantic,autumn,201750158,Present-day,2017,North,-0.0531526860279128,-0.0309623542781517
201750159,faroe_21,North Atlantic,autumn,201750159,Present-day,2017,North,-0.052245610397062,-0.0260688688832533
201750201,iceland_1,North Atlantic,summer,201750201,Present-day,2017,North,-0.0542369553896939,-0.0290302926519994
201750202,iceland_2,North Atlantic,summer,201750202,Present-day,2017,North,-0.0527219633005196,-0.0242772042900256
201750203,iceland_3,North Atlantic,summer,201750203,Present-day,2017,North,-0.0535410006175092,-0.0264818056601087
201750204,iceland_4,North Atlantic,summer,201750204,Present-day,2017,North,-0.0530242758891801,-0.0267212555023579
201750205,iceland_5,North Atlantic,summer,201750205,Present-day,2017,North,-0.052159867228055,-0.0227243602032709
201750206,iceland_6,North Atlantic,summer,201750206,Present-day,2017,North,-0.0527338366677529,-0.0248952369012955
201750207,iceland_7,North Atlantic,summer,201750207,Present-day,2017,North,-0.051559206190156,-0.0266733268468857
201750212,iceland_8,North Atlantic,summer,201750212,Present-day,2017,North,-0.0535073120363081,-0.0281702291266728
201750214,iceland_9,North Atlantic,summer,201750214,Present-day,2017,North,-0.0533840202536319,-0.0271937142637358
201750215,iceland_10,North Atlantic,summer,201750215,Present-day,2017,North,-0.0542226997266226,-0.0310943828825464
201750216,iceland_11,North Atlantic,summer,201750216,Present-day,2017,North,-0.0531651446121924,-0.0260999925694846
201750217,iceland_12,North Atlantic,summer,201750217,Present-day,2017,North,-0.0540696782012273,-0.0289944129424515
201750218,iceland_13,North Atlantic,summer,201750218,Present-day,2017,North,-0.053045422499772,-0.0262535691893179
201750219,iceland_14,North Atlantic,summer,201750219,Present-day,2017,North,-0.0523544802258257,-0.0291363513129421
201750221,iceland_15,North Atlantic,summer,201750221,Present-day,2017,North,-0.0538094702666496,-0.0271403271972245
201750222,iceland_16,North Atlantic,summer,201750222,Present-day,2017,North,-0.0527888411822651,-0.0274384731256649
201750223,iceland_17,North Atlantic,summer,201750223,Present-day,2017,North,-0.0535850398976474,-0.0314539203170595
201750224,iceland_18,North Atlantic,summer,201750224,Present-day,2017,North,-0.053643130526904,-0.0292142511868265
201750225,iceland_19,North Atlantic,summer,201750225,Present-day,2017,North,-0.0523415813894987,-0.026122579505912
201750226,iceland_20,North Atlantic,summer,201750226,Present-day,2017,North,-0.0532618905588912,-0.0299752703228078
201750227,iceland_21,North Atlantic,summer,201750227,Present-day,2017,North,-0.0537025383790546,-0.0275213509643482
201750228,iceland_22,North Atlantic,summer,201750228,Present-day,2017,North,-0.0516714802775152,-0.0241339795397497
201750231,iceland_23,North Atlantic,summer,201750231,Present-day,2017,North,-0.0522523728151189,-0.0246069538414672
201750232,iceland_24,North Atlantic,summer,201750232,Present-day,2017,North,-0.0524830365547469,-0.0309622659555341
201750233,iceland_25,North Atlantic,summer,201750233,Present-day,2017,North,-0.0530953330670966,-0.02782264876922
201750234,iceland_26,North Atlantic,summer,201750234,Present-day,2017,North,-0.0541592353993526,-0.0316593268109058
201750235,iceland_27,North Atlantic,summer,201750235,Present-day,2017,North,-0.0520663560772076,-0.0235944898696085
201750236,iceland_28,North Atlantic,summer,201750236,Present-day,2017,North,-0.0528607429932094,-0.027033158876382
201750237,iceland_29,North Atlantic,summer,201750237,Present-day,2017,North,-0.0544552674132514,-0.0291677337138648
201750238,iceland_30,North Atlantic,summer,201750238,Present-day,2017,North,-0.0532186752348209,-0.0292237148384636
1552004523,norwegian_9,Norway,spring,1552004523,Present-day,2015,North,-0.0545100613000868,-0.030449118896573
1552004524,norwegian_10,Norway,spring,1552004524,Present-day,2015,North,-0.054359923059071,-0.0289475263486093
1552004526,norwegian_11,Norway,spring,1552004526,Present-day,2015,North,-0.0534695824762502,-0.0265257288269847
1552004722,norwegian_12,Norway,spring,1552004722,Present-day,2015,North,-0.0542614583437673,-0.0320017528440238
1552004723,norwegian_13,Norway,spring,1552004723,Present-day,2015,North,-0.0539398420954137,-0.0273153543539159
1552004724,norwegian_14,Norway,spring,1552004724,Present-day,2015,North,-0.0511397372690711,-0.0252719010570954
1552005123,norwegian_15,Norway,spring,1552005123,Present-day,2015,North,-0.0547183303724714,-0.032906819011918
1552005124,norwegian_16,Norway,spring,1552005124,Present-day,2015,North,-0.054293707682559,-0.0299050456321838
1552005125,norwegian_17,Norway,spring,1552005125,Present-day,2015,North,-0.0533694483278414,-0.0276054864393675
1552005524,norwegian_18,Norway,spring,1552005524,Present-day,2015,North,-0.0529889221956677,-0.0323300516368751
1552005525,norwegian_19,Norway,spring,1552005525,Present-day,2015,North,-0.0539331277717389,-0.0281406583285677
1552005923,norwegian_20,Norway,spring,1552005923,Present-day,2015,North,-0.0527708394366393,-0.0281162349091594
1552005924,norwegian_21,Norway,spring,1552005924,Present-day,2015,North,-0.0544085399958946,-0.0314493317413775
1552006326,norwegian_22,Norway,spring,1552006326,Present-day,2015,North,-0.0523715191425391,-0.0249910989798333
1552006327,norwegian_23,Norway,spring,1552006327,Present-day,2015,North,-0.0538555881151753,-0.0276343563779862
2015501410,faroe_22,North Atlantic,autumn,2015501410,Present-day,2015,North,-0.052391798557675,-0.0319211174554442
2015501411,faroe_23,North Atlantic,autumn,2015501411,Present-day,2015,South,0.0795866560661576,-0.0471840283024636
2015505610,norwegian_24,Norway,spring,2015505610,Present-day,2015,North,-0.0536136644916146,-0.0304685870842624
2015505612,norwegian_25,Norway,spring,2015505612,Present-day,2015,North,-0.0530619570507384,-0.0274991507239417
2015505613,norwegian_26,Norway,spring,2015505613,Present-day,2015,North,-0.0531888448271926,-0.0297414548741042
2015505622,norwegian_27,Norway,spring,2015505622,Present-day,2015,North,-0.0531327128492179,-0.0328703178897989
2015505623,norwegian_28,Norway,spring,2015505623,Present-day,2015,North,-0.0532420200842369,-0.0286756625533695
2015505624,norwegian_29,Norway,spring,2015505624,Present-day,2015,North,-0.0546077680716416,-0.0296780066964248
2016507910,northsea_9,North Sea,autumn,2016507910,Present-day,2016,South,0.0810035732597068,-0.0475093623018489
2016507911,northsea_10,North Sea,autumn,2016507911,Present-day,2016,South,0.0800883060433858,-0.0487830844746129
2016507912,northsea_11,North Sea,autumn,2016507912,Present-day,2016,South,0.0795145324066246,-0.0500672774126427
2016507913,northsea_12,North Sea,autumn,2016507913,Present-day,2016,South,0.0807519192563973,-0.0486129753071414
2016507915,northsea_13,North Sea,autumn,2016507915,Present-day,2016,South,0.0789384930364986,-0.04847665617544
2016507916,northsea_14,North Sea,autumn,2016507916,Present-day,2016,Het,0.0116802015777396,-0.0370455460301989
2016507918,northsea_15,North Sea,autumn,2016507918,Present-day,2016,South,0.0807146234719555,-0.044221619318219
2016507919,northsea_16,North Sea,autumn,2016507919,Present-day,2016,Het,0.0545226146055404,-0.0373623063294238
2016507920,northsea_17,North Sea,autumn,2016507920,Present-day,2016,South,0.0801041368118692,-0.0451280101255201
2017501410,faroe_24,North Atlantic,autumn,2017501410,Present-day,2017,North,-0.0540753207806198,-0.0324270094342517
2017501411,faroe_25,North Atlantic,autumn,2017501411,Present-day,2017,North,-0.0545789685033128,-0.0304356545837313
2017501414,faroe_26,North Atlantic,autumn,2017501414,Present-day,2017,North,-0.0535022224245027,-0.0301303061189517
2017501510,faroe_27,North Atlantic,autumn,2017501510,Present-day,2017,North,-0.0526411563500746,-0.0203773970849193
AAL1,celtic_1,Britain & Ireland,winter,AAL1,Present-day,2015,Het,0.0210368720128099,-0.0433408619385999
AAL2,celtic_2,Britain & Ireland,winter,AAL2,Present-day,2015,South,0.0791064077418282,-0.0538115572709068
AAL3,celtic_3,Britain & Ireland,winter,AAL3,Present-day,2015,South,0.0790184329172624,-0.0530757272484719
AF29,norwegian_30,Norway,spring,AF29,Present-day,2013,North,-0.0553978624737733,-0.0316951042364017
AF30,norwegian_31,Norway,spring,AF30,Present-day,2013,North,-0.0529056597029992,-0.0307612829614466
AF31,norwegian_32,Norway,spring,AF31,Present-day,2013,Het,0.0131556451791132,-0.035450052087401
AF8,norwegian_33,Norway,spring,AF8,Present-day,2013,Het,0.0124137396360405,-0.0335290934722533
AK1,downs_1,Britain & Ireland,winter,AK1,Present-day,2016,South,0.0781420371734863,-0.0555167378802086
AK2,downs_2,Britain & Ireland,winter,AK2,Present-day,2016,South,0.0784829376621861,-0.0546649648403472
AK3,downs_3,Britain & Ireland,winter,AK3,Present-day,2016,South,0.0784034723442298,-0.0546689689759616
AM27,norwegian_34,Norway,spring,AM27,Present-day,1980,North,-0.0514792083758567,-0.0299205346887322
AM29,norwegian_35,Norway,spring,AM29,Present-day,1980,North,-0.0551607299492309,-0.0298590598995317
AM33,norwegian_36,Norway,spring,AM33,Present-day,1980,Het,0.0134543389174834,-0.0339435691516938
AM8,norwegian_37,Norway,spring,AM8,Present-day,1980,North,-0.0546932545258759,-0.0298900415940946
BF16,hastkar_1,Bothnia,spring,BF16,Present-day,2013,North,-0.0538989872445462,-0.0296131463732599
BF18,hastkar_2,Bothnia,spring,BF18,Present-day,2013,North,-0.0540897532410973,-0.0305578825336104
BF19,hastkar_3,Bothnia,spring,BF19,Present-day,2013,North,-0.0464319778105353,-0.0267308652705181
BF21,hastkar_4,Bothnia,spring,BF21,Present-day,2013,North,-0.0424247347498323,-0.0281410766755593
BM14,hastkar_5,Bothnia,spring,BM14,Present-day,2013,North,-0.0513628541746372,-0.0303647144659307
BM15,hastkar_6,Bothnia,spring,BM15,Present-day,2013,North,-0.0545072326325582,-0.0292783695959875
BM16,hastkar_7,Bothnia,spring,BM16,Present-day,2013,North,-0.049158876036425,-0.0297012896458679
BM19,hastkar_8,Bothnia,spring,BM19,Present-day,2013,North,-0.051066781001826,-0.0294798144314426
Fehmarn3,fehmarn_4,Belt,autumn,Fehmarn3,Present-day,1979,North,-0.0436658956436736,-0.0357039641844596
Fehmarn44,fehmarn_5,Belt,autumn,Fehmarn44,Present-day,1979,North,-0.050905161704262,-0.0373258211300748
Fehmarn6,fehmarn_6,Belt,autumn,Fehmarn6,Present-day,1979,North,-0.0320240855832783,-0.0413036299823168
Gavle100,gavle_4,Bothnia,autumn,Gavle100,Present-day,2012,North,-0.0514566460868494,-0.0381915643746536
Gavle54,gavle_5,Bothnia,autumn,Gavle54,Present-day,2012,South,0.0746874154937178,-0.0532243975840306
Gavle98,gavle_6,Bothnia,autumn,Gavle98,Present-day,2012,North,-0.0501484727155276,-0.0388636399950057
HER065,netherlands_7,North Sea,autumn/winter,HER065,Before 1700s,1400,South,0.0861667605207464,0.0287399499644454
HER067,netherlands_8,North Sea,autumn/winter,HER067,Before 1700s,1400,South,0.0857919567192042,0.0259503061418374
HER102,york_1,Britain & Ireland,autumn/winter,HER102,Before 1700s,1100,South,0.0853502775617586,0.0224212383235369
HER104,york_2,Britain & Ireland,autumn/winter,HER104,Before 1700s,1100,South,0.0849618361596095,0.0187010966415297
HER106,york_4,Britain & Ireland,autumn/winter,HER106,Before 1700s,955,South,0.0859811970260026,0.0223138318942326
HER109,york_5,Britain & Ireland,autumn/winter,HER109,Before 1700s,955,South,0.0853370237874475,0.023887864560747
HER124,york_8,Britain & Ireland,autumn/winter,HER124,Before 1700s,1300,South,0.0840811193589268,0.0165228221619627
HER127,york_9,Britain & Ireland,autumn/winter,HER127,Before 1700s,1300,South,0.08538994872371,0.0260838542018197
HER132,lyminge_3,Britain & Ireland,autumn/winter,HER132,Before 1700s,800,South,0.0856049898847501,0.0217003211045923
HER133,lyminge_4,Britain & Ireland,autumn/winter,HER133,Before 1700s,800,South,0.0848165907463816,0.0242296442362977
HER134,lyminge_5,Britain & Ireland,autumn/winter,HER134,Before 1700s,800,South,0.0844956210730675,0.0234087559045687
MHER001,karmoy_1,Norway,spring,MHER001,Present-day,2002,North,-0.0551671416697798,-0.037704583117745
MHER002,karmoy_2,Norway,spring,MHER002,Present-day,2002,North,-0.0501195059410266,-0.033191405032624
MHER003,karmoy_3,Norway,spring,MHER003,Present-day,2002,Het,0.0123902433085268,-0.0464973374261681
MHER005,more_1,Norway,spring,MHER005,Present-day,2002,North,-0.0506771556397591,-0.0319780340114591
MHER006,more_2,Norway,spring,MHER006,Present-day,2002,North,-0.053119300319245,-0.0372973375519889
MHER007,more_3,Norway,spring,MHER007,Present-day,2002,North,-0.0532500789259894,-0.0373868874786753
MHER008,more_4,Norway,spring,MHER008,Present-day,2002,North,-0.0546725407066707,-0.0377587100114681
MHER009,risor_1,Skagerrak & Kattegat,spring,MHER009,Present-day,2003,South,0.0722197087512181,-0.0551234788876156
MHER010,risor_2,Skagerrak & Kattegat,spring,MHER010,Present-day,2003,North,-0.054693088650714,-0.0378285922099876
MHER011,risor_3,Skagerrak & Kattegat,spring,MHER011,Present-day,2003,Het,0.0112570912928353,-0.0427423920997842
MHER012,risor_4,Skagerrak & Kattegat,spring,MHER012,Present-day,2003,Het,0.0109895269075428,-0.045083473777543
MHER013,maseskar_1,Skagerrak & Kattegat,spring,MHER013,Present-day,2003,South,0.0764955416425283,-0.0535282752636722
MHER014,maseskar_2,Skagerrak & Kattegat,spring,MHER014,Present-day,2003,South,0.0773350109614293,-0.0539636038997573
MHER015,maseskar_3,Skagerrak & Kattegat,spring,MHER015,Present-day,2003,South,0.0769954987125762,-0.0538943996348863
MHER016,kalix_1,Bothnia,spring,MHER016,Present-day,2002,North,-0.0556348517340055,-0.0395067064917984
MHER017,kalix_2,Bothnia,spring,MHER017,Present-day,2002,North,-0.0501283878065453,-0.039576215670033
MHER018,kalix_3,Bothnia,spring,MHER018,Present-day,2002,North,-0.040068318155308,-0.0352293675786297
MHER019,kalmarsund_1,Baltic,spring,MHER019,Present-day,2010,North,-0.0538938675897116,-0.0357627595427845
MHER020,kalmarsund_2,Baltic,spring,MHER020,Present-day,2010,Het,0.0124609745072933,-0.0443378824921924
MHER021,kalmarsund_3,Baltic,spring,MHER021,Present-day,2010,North,-0.0521765256181402,-0.0407959698049167
MHER022,idefjord_1,Skagerrak & Kattegat,spring,MHER022,Present-day,2010,Het,0.0198098522380207,-0.0468009278361755
MHER023,idefjord_2,Skagerrak & Kattegat,spring,MHER023,Present-day,2010,Het,0.0135256224164055,-0.0424259024817139
MHER024,idefjord_3,Skagerrak & Kattegat,spring,MHER024,Present-day,2010,Het,0.0117000145499007,-0.0473223045408778
MHER025,blekinge_1,Baltic,spring,MHER025,Present-day,2010,North,-0.0471661835454122,-0.0419955607735578
MHER026,blekinge_2,Baltic,spring,MHER026,Present-day,2010,Het,0.0162644120779281,-0.0456176076017752
MHER027,blekinge_3,Baltic,spring,MHER027,Present-day,2010,Het,0.0112828295674089,-0.0448074207340144
MHER028,idefjord_4,Skagerrak & Kattegat,spring,MHER028,Present-day,2010,South,0.0760374221536215,-0.0563029281562805
MHER029,idefjord_5,Skagerrak & Kattegat,spring,MHER029,Present-day,2010,South,0.0739592437756898,-0.0525909014117534
MHER030,idefjord_6,Skagerrak & Kattegat,spring,MHER030,Present-day,2010,Het,0.0154472302086439,-0.0487154588183217
MHER034,maseskar_4,Skagerrak & Kattegat,spring,MHER034,Present-day,2003,South,0.0764418331571341,-0.0560468725138238
MHER035,maseskar_5,Skagerrak & Kattegat,spring,MHER035,Present-day,2003,South,0.0680091153999245,-0.0554117679129345
MHER036,maseskar_6,Skagerrak & Kattegat,spring,MHER036,Present-day,2003,Het,0.0122640318036203,-0.0504899727649602
MHER037,maseskar_7,Skagerrak & Kattegat,spring,MHER037,Present-day,2003,South,0.0712157279627806,-0.0524818507694169
MHER038,risor_5,Skagerrak & Kattegat,spring,MHER038,Present-day,2003,Het,0.0118523836582357,-0.0474874490253695
MHER039,risor_6,Skagerrak & Kattegat,spring,MHER039,Present-day,2003,South,0.0725109842085993,-0.0544657203539618
MHER044,idefjord_7,Skagerrak & Kattegat,spring,MHER044,Present-day,2010,South,0.0776326231572822,-0.0583335592470273
MHER045,idefjord_8,Skagerrak & Kattegat,spring,MHER045,Present-day,2010,South,0.0766011355007564,-0.0561231561038553
MHER046,idefjord_9,Skagerrak & Kattegat,spring,MHER046,Present-day,2010,Het,0.0107597001922391,-0.0484923704752638
MHER052,kalmarsund_4,Baltic,spring,MHER052,Present-day,2010,Het,0.0107400873818194,-0.0466170894781613
MHER053,karmoy_4,Norway,spring,MHER053,Present-day,2002,North,-0.0538383864013593,-0.03891274814771
MHER054,kalix_4,Bothnia,spring,MHER054,Present-day,2002,North,-0.0494397496550121,-0.0394388860203773
MHER055,kalix_5,Bothnia,spring,MHER055,Present-day,2002,North,-0.0443605301796822,-0.0389151920376041
MHER056,kalix_6,Bothnia,spring,MHER056,Present-day,2002,North,-0.0487173416099356,-0.0357982295116565
MHER057,blekinge_4,Baltic,spring,MHER057,Present-day,2010,North,-0.0529794285352593,-0.0365642138292243
MHER058,blekinge_5,Baltic,spring,MHER058,Present-day,2010,North,-0.0519387641990527,-0.0403462115319355
MHER059,blekinge_6,Baltic,spring,MHER059,Present-day,2010,North,-0.0496799936058501,-0.0324927654814085
MHER061,idefjord_10,Skagerrak & Kattegat,spring,MHER061,Present-day,2010,South,0.0776974164192003,-0.0561624846127301
MHER062,idefjord_11,Skagerrak & Kattegat,spring,MHER062,Present-day,2010,South,0.0775418328214054,-0.0549442730121173
MHER063,idefjord_12,Skagerrak & Kattegat,spring,MHER063,Present-day,2010,Het,0.0133126004154143,-0.041613712128107
MHER064,idefjord_13,Skagerrak & Kattegat,spring,MHER064,Present-day,2010,South,0.0783732860896795,-0.0503518530403304
MHER065,risor_7,Skagerrak & Kattegat,spring,MHER065,Present-day,2003,South,0.0722614059135379,-0.0537139015626823
MHER066,risor_8,Skagerrak & Kattegat,spring,MHER066,Present-day,2003,South,0.0747168949670123,-0.0550977898829996
ND001,gullholmen_1,Skagerrak & Kattegat,NA,ND001,1747–1805 Sillperiod,1750,Het,0.0315588194779493,0.0671087393453731
ND006,gullholmen_2,Skagerrak & Kattegat,NA,ND006,1747–1805 Sillperiod,1750,South,0.0849885092878157,0.0223730594440996
ND009,gullholmen_3,Skagerrak & Kattegat,NA,ND009,1747–1805 Sillperiod,1750,Het,0.0421148245117896,0.0454316686285646
ND010,gullholmen_4,Skagerrak & Kattegat,NA,ND010,1747–1805 Sillperiod,1750,South,0.0798252513286701,0.0217807100193888
ND011,gullholmen_5,Skagerrak & Kattegat,NA,ND011,1747–1805 Sillperiod,1750,South,0.0730384546218415,0.0403426960494617
ND021,kalvsund_1,Skagerrak & Kattegat,NA,ND021,1877–1906 Sillperiod,1880,South,0.0855368051492807,0.0302990954619048
ND022,koster_1,Skagerrak & Kattegat,NA,ND022,1877–1906 Sillperiod,1881,South,0.0863067949942837,0.0333585040042704
ND023,koster_2,Skagerrak & Kattegat,NA,ND023,1877–1906 Sillperiod,1897,Het,0.0335001785483525,0.0719251059682392
ND024,koster_3,Skagerrak & Kattegat,NA,ND024,1877–1906 Sillperiod,1897,North,-0.0359032677635291,0.111028975833819
ND026,koster_4,Skagerrak & Kattegat,NA,ND026,1877–1906 Sillperiod,1898,North,-0.0352731450209283,0.116258737558946
ND028,scotland_1,Britain & Ireland,NA,ND028,1877–1906 Sillperiod,1900,Het,0.0352054284256811,0.0683554109412302
ND029,scotland_2,Britain & Ireland,NA,ND029,1877–1906 Sillperiod,1900,Het,0.0286714625149126,0.0719506947232266
ND030,haugesund_1,Norway,NA,ND030,1877–1906 Sillperiod,1900,North,-0.0349461680518921,0.110783818743278
ND031,haugesund_2,Norway,NA,ND031,1877–1906 Sillperiod,1900,North,-0.0369223515162635,0.114964576066939
ND034,kalvsund_2,Skagerrak & Kattegat,NA,ND034,1877–1906 Sillperiod,1880,Het,0.0359695254907579,0.0730870084300038
ND036,kalvsund_3,Skagerrak & Kattegat,NA,ND036,1877–1906 Sillperiod,1881,North,-0.0369633697417295,0.119456161704964
ND038,scotland_3,Britain & Ireland,NA,ND038,1877–1906 Sillperiod,1900,South,0.0839955319552464,0.028118574968361
ND039,scotland_4,Britain & Ireland,NA,ND039,1877–1906 Sillperiod,1900,Het,0.0307689250004098,0.0737967933125926
ND040,haugesund_3,Norway,NA,ND040,1877–1906 Sillperiod,1900,South,0.0762957362264105,0.0309994576035429
ND142,scotland_5,Britain & Ireland,NA,ND142,Between Sillperiods,1848,South,0.0875031011570295,0.0299409792290316
ND157,scotland_6,Britain & Ireland,NA,ND157,1877–1906 Sillperiod,1890,Het,0.0219272448424464,0.0925028478444228
ND158,scotland_7,Britain & Ireland,NA,ND158,1877–1906 Sillperiod,1890,South,0.0864474828264115,0.0396640701846743
ND161,rovaer_1,Norway,NA,ND161,1877–1906 Sillperiod,1881,North,-0.0346093201355483,0.116549551586762
ND163,bergen_1,Norway,NA,ND163,Between Sillperiods,NA,North,-0.0311326279963541,0.107444207780955
ND164,bergen_2,Norway,NA,ND164,Between Sillperiods,NA,North,-0.0320934684273099,0.117704703008413
ND165,bergen_3,Norway,NA,ND165,Between Sillperiods,NA,North,-0.0299605865914254,0.128829735794249
ND166,bergen_4,Norway,NA,ND166,Between Sillperiods,NA,North,-0.027602474654092,0.121026610278701
ND167,bergen_5,Norway,NA,ND167,Between Sillperiods,NA,North,-0.0313040939801586,0.11908271034605
ND168,unknown_1,Norway,NA,ND168,Between Sillperiods,NA,North,-0.0330726309131529,0.119194088076243
ND169,unknown_2,Norway,NA,ND169,Between Sillperiods,1870,North,-0.0306542076757846,0.134336005089083
ND170,unknown_3,Norway,NA,ND170,Between Sillperiods,1870,North,-0.0322450871998058,0.121429520059701
ND171,unknown_4,Norway,NA,ND171,Between Sillperiods,1870,North,-0.031322555657812,0.123894090174823
ND178,stavanger_1,Norway,NA,ND178,1877–1906 Sillperiod,1880,Het,0.0293958455591361,0.0750017350244049
ND180,stavanger_2,Norway,NA,ND180,1877–1906 Sillperiod,1880,Het,0.0291848819693034,0.0816475595378833
ND182,stavanger_3,Norway,NA,ND182,1877–1906 Sillperiod,1880,Het,0.0386793240600464,0.0723720901907334
ND183,stavanger_4,Norway,NA,ND183,1877–1906 Sillperiod,1880,Het,0.0291348023760985,0.0853343639077942
ND184,stavanger_5,Norway,NA,ND184,1877–1906 Sillperiod,1880,North,-0.0265635944827995,0.119140585454866
ND187,stavanger_6,Norway,NA,ND187,1877–1906 Sillperiod,1880,South,0.08562912419424,0.0293598852665005
ND188,stavanger_7,Norway,NA,ND188,1877–1906 Sillperiod,1880,North,-0.0347104647529354,0.118834283546781
ND195,dynekilen_1,Skagerrak & Kattegat,NA,ND195,Between Sillperiods,1874,South,0.0711833021570749,0.0752899752102967
ND196,dynekilen_2,Skagerrak & Kattegat,NA,ND196,Between Sillperiods,1874,South,0.0722814540651362,0.0703343629640092
ND197,dynekilen_3,Skagerrak & Kattegat,NA,ND197,Between Sillperiods,1874,South,0.0727472268870754,0.0709775483170927
ND198,dynekilen_4,Skagerrak & Kattegat,NA,ND198,Between Sillperiods,1874,South,0.0719188568399303,0.0728833679537805
ND199,dynekilen_5,Skagerrak & Kattegat,NA,ND199,Between Sillperiods,1874,South,0.0733840006610603,0.067497070453686
ND200,dynekilen_6,Skagerrak & Kattegat,NA,ND200,Between Sillperiods,1874,South,0.0723580565143522,0.0687673748952982
ND201,dynekilen_7,Skagerrak & Kattegat,NA,ND201,Between Sillperiods,1874,South,0.0732351813296221,0.0676790847378263
ND202,dynekilen_8,Skagerrak & Kattegat,NA,ND202,Between Sillperiods,1874,South,0.0724739807964156,0.0681512397498884
ND203,dynekilen_9,Skagerrak & Kattegat,NA,ND203,Between Sillperiods,1874,South,0.0732093721642905,0.0682352371055029
ND204,dynekilen_10,Skagerrak & Kattegat,NA,ND204,Between Sillperiods,1874,South,0.0723859316288487,0.0683889708998446
ND205,dynekilen_11,Skagerrak & Kattegat,NA,ND205,Between Sillperiods,1874,South,0.0716763217840465,0.0689720264935961
ND206,dynekilen_12,Skagerrak & Kattegat,NA,ND206,Between Sillperiods,1874,South,0.0733568405193494,0.0674331223444917
ND319,stavanger_8,Norway,NA,ND319,Between Sillperiods,1872,South,0.0855775433649977,0.0398966867550019
ND320,stavanger_9,Norway,NA,ND320,Between Sillperiods,1872,South,0.0843392378351107,0.0382640305578022
ND321,stavanger_10,Norway,NA,ND321,Between Sillperiods,1872,North,-0.0384659483140406,0.124553751944866
ND322,haugesund_4,Norway,NA,ND322,Between Sillperiods,1873,North,-0.0400137895074621,0.114839678629786
ND323,haugesund_5,Norway,NA,ND323,Between Sillperiods,1873,North,-0.0377100933177373,0.121632985756871
ND324,foldfjorden_1,Norway,NA,ND324,Between Sillperiods,1875,North,-0.0358988149071518,0.125769518763579
ND325,foldfjorden_2,Norway,NA,ND325,Between Sillperiods,1875,North,-0.0347927876759113,0.123245329121646
ND326,foldfjorden_3,Norway,NA,ND326,Between Sillperiods,1875,North,-0.0346197639570294,0.128712625530323
ND328,foldfjorden_4,Norway,NA,ND328,Between Sillperiods,1875,North,-0.0355243993572461,0.129778627079279
ND329,foldfjorden_5,Norway,NA,ND329,Between Sillperiods,1875,North,-0.0354139758353464,0.127880477733304
ND330,foldfjorden_6,Norway,NA,ND330,Between Sillperiods,1875,North,-0.0349384725786813,0.130832427641769
ND331,foldfjorden_7,Norway,NA,ND331,Between Sillperiods,1875,North,-0.0348110274021438,0.128663917085897
ND332,foldfjorden_8,Norway,NA,ND332,Between Sillperiods,1875,North,-0.0348257721646198,0.13069501787599
ND333,foldfjorden_9,Norway,NA,ND333,Between Sillperiods,1875,North,-0.0332612786623823,0.129593890465233
ND334,foldfjorden_10,Norway,NA,ND334,Between Sillperiods,1875,North,-0.0329917350136901,0.127347271173168
ND335,foldfjorden_11,Norway,NA,ND335,Between Sillperiods,1875,North,-0.0335983023056511,0.128369418857325
ND336,foldfjorden_12,Norway,NA,ND336,Between Sillperiods,1875,North,-0.0346339586041096,0.12674413541843
ND337,foldfjorden_13,Norway,NA,ND337,Between Sillperiods,1875,North,-0.0361555193884245,0.128710257873928
ND342,foldfjorden_14,Norway,NA,ND342,Between Sillperiods,1875,North,-0.0335739145786875,0.129532994055477
ND343,foldfjorden_15,Norway,NA,ND343,Between Sillperiods,1875,North,-0.0354254280523796,0.125774901861962
ND440,nyalodose_1,Skagerrak & Kattegat,NA,ND440,Before 1700s,1500,South,0.0845384230664952,0.0242170314051036
ND443,masthugget_1,Skagerrak & Kattegat,NA,ND443,1747–1805 Sillperiod,1740,South,0.0856366592552155,0.0236009720024153
ND448,masthugget_2,Skagerrak & Kattegat,NA,ND448,1747–1805 Sillperiod,1740,North,-0.0419870322730208,0.108459021181775
ND450,masthugget_3,Skagerrak & Kattegat,NA,ND450,1747–1805 Sillperiod,1740,South,0.0858415656921862,0.0237315624422353
ND454,masthugget_4,Skagerrak & Kattegat,NA,ND454,1747–1805 Sillperiod,1740,South,0.0850250959306492,0.0247775231630492
ND455,masthugget_5,Skagerrak & Kattegat,NA,ND455,1747–1805 Sillperiod,1740,South,0.0859351508541362,0.0284697858200921
ND456,masthugget_6,Skagerrak & Kattegat,NA,ND456,1747–1805 Sillperiod,1740,South,0.0852529707828686,0.0258788636125503
ND459,norway_1,Norway,NA,ND459,1877–1906 Sillperiod,1883,South,0.0856676675777691,0.0357384857310792
ND460,norway_2,Norway,NA,ND460,1877–1906 Sillperiod,1883,South,0.0859505178491099,0.0372963359911481
ND461,norway_3,Norway,NA,ND461,1877–1906 Sillperiod,1882,Het,0.0429148800432578,0.0721015225509716
ND463,norway_4,Norway,NA,ND463,1877–1906 Sillperiod,1883,North,-0.0383108034377278,0.124125376446324
ND464,masthugget_7,Skagerrak & Kattegat,NA,ND464,1747–1805 Sillperiod,1740,South,0.0861275055651427,0.0255822551459515
ND467,masthugget_8,Skagerrak & Kattegat,NA,ND467,1747–1805 Sillperiod,1740,South,0.0855166150082272,0.0234070896095574
NorthSea13,northsea_18,North Sea,autumn,NorthSea13,Present-day,1979,South,0.0793880492669648,-0.0547537132220776
NorthSea19,northsea_19,North Sea,autumn,NorthSea19,Present-day,1979,South,0.0792529124553318,-0.055641243598208
NorthSea34,northsea_20,North Sea,autumn,NorthSea34,Present-day,1979,South,0.0789540757556885,-0.0530536602733713
NSSH33,norwegian_38,Norway,spring,NSSH33,Present-day,2017,North,-0.0540626921779114,-0.0387544439562047
NSSH34,norwegian_39,Norway,spring,NSSH34,Present-day,2017,North,-0.0545965688042992,-0.0404614112904439
NSSH36,norwegian_40,Norway,spring,NSSH36,Present-day,2017,North,-0.0524104238393514,-0.0362199882766107
Z12,isleofman_1,Britain & Ireland,autumn,Z12,Present-day,2015,South,0.0783854940891593,-0.0540901397172016
Z14,isleofman_2,Britain & Ireland,autumn,Z14,Present-day,2015,South,0.0788221759425893,-0.0525771810410725
Z4,isleofman_3,Britain & Ireland,autumn,Z4,Present-day,2015,South,0.0790465327963163,-0.0567446024079733
