"sample","MS_biogeo08_sss_mean_5m","MS_biogeo09_sss_min_5m","MS_biogeo10_sss_max_5m","MS_biogeo11_sss_range_5m","MS_biogeo12_sss_variance_5m","MS_biogeo13_sst_mean_5m","MS_biogeo14_sst_min_5m","MS_biogeo15_sst_max_5m","MS_biogeo16_sst_range_5m","MS_biogeo17_sst_variance_5m"
"MHER001",33.2994766235352,31.8548254966736,34.359534928965,2.50470930060675,0.636016278939192,9.6566860426304,3.99279071771821,17.3280232174452,13.3352906925734,21.1062598893809
"MHER002",33.2994766235352,31.8548254966736,34.359534928965,2.50470930060675,0.636016278939192,9.6566860426304,3.99279071771821,17.3280232174452,13.3352906925734,21.1062598893809
"MHER003",33.2994766235352,31.8548254966736,34.359534928965,2.50470930060675,0.636016278939192,9.6566860426304,3.99279071771821,17.3280232174452,13.3352906925734,21.1062598893809
"MHER005",33.8819653505535,33.2102313400004,34.6241618250147,1.41445086939486,0.16813236965954,8.85768788673974,4.46653178919947,15.3851445589451,10.918612717204,15.0773208155108
"MHER006",33.8819653505535,33.2102313400004,34.6241618250147,1.41445086939486,0.16813236965954,8.85768788673974,4.46653178919947,15.3851445589451,10.918612717204,15.0773208155108
"MHER007",33.8819653505535,33.2102313400004,34.6241618250147,1.41445086939486,0.16813236965954,8.85768788673974,4.46653178919947,15.3851445589451,10.918612717204,15.0773208155108
"MHER008",33.8819653505535,33.2102313400004,34.6241618250147,1.41445086939486,0.16813236965954,8.85768788673974,4.46653178919947,15.3851445589451,10.918612717204,15.0773208155108
"MHER009",30.4238834936642,27.8839805380812,32.7166019365625,4.83233009264307,2.35671456809183,9.95718453231367,2.81339804871568,18.5046601897305,15.6915534399088,30.0723465669502
"MHER010",30.4238834936642,27.8839805380812,32.7166019365625,4.83233009264307,2.35671456809183,9.95718453231367,2.81339804871568,18.5046601897305,15.6915534399088,30.0723465669502
"MHER011",30.4238834936642,27.8839805380812,32.7166019365625,4.83233009264307,2.35671456809183,9.95718453231367,2.81339804871568,18.5046601897305,15.6915534399088,30.0723465669502
"MHER012",30.4238834936642,27.8839805380812,32.7166019365625,4.83233009264307,2.35671456809183,9.95718453231367,2.81339804871568,18.5046601897305,15.6915534399088,30.0723465669502
"MHER013",24.5470068016831,21.4728571573893,27.5280951934607,6.055238087972,3.44343129631613,9.86088436801417,2.38326530394201,18.6573468292652,16.2744898277075,32.018806094215
"MHER014",24.5470068016831,21.4728571573893,27.5280951934607,6.055238087972,3.44343129631613,9.86088436801417,2.38326530394201,18.6573468292652,16.2744898277075,32.018806094215
"MHER015",24.5470068016831,21.4728571573893,27.5280951934607,6.055238087972,3.44343129631613,9.86088436801417,2.38326530394201,18.6573468292652,16.2744898277075,32.018806094215
"MHER016",6.80992958243464,6.71028169108109,6.97866195692143,0.268732393816323,0.00677746478927282,5.7576056198335,-0.677816897893036,16.8316197328165,17.5097183778252,39.1376858966451
"MHER017",6.80992958243464,6.71028169108109,6.97866195692143,0.268732393816323,0.00677746478927282,5.7576056198335,-0.677816897893036,16.8316197328165,17.5097183778252,39.1376858966451
"MHER018",6.80992958243464,6.71028169108109,6.97866195692143,0.268732393816323,0.00677746478927282,5.7576056198335,-0.677816897893036,16.8316197328165,17.5097183778252,39.1376858966451
"MHER019",8.20539322863804,8.01831464553147,8.41853924547688,0.40044943335351,0.0206067416858807,8.76955058065693,1.5950561668096,18.9566290994708,17.3611235029242,37.1535112188104
"MHER020",8.20539322863804,8.01831464553147,8.41853924547688,0.40044943335351,0.0206067416858807,8.76955058065693,1.5950561668096,18.9566290994708,17.3611235029242,37.1535112188104
"MHER021",8.20539322863804,8.01831464553147,8.41853924547688,0.40044943335351,0.0206067416858807,8.76955058065693,1.5950561668096,18.9566290994708,17.3611235029242,37.1535112188104
"MHER022",27.4035714353834,24.4883929661342,30.3276785782405,5.83910714728492,3.31681604896273,9.5455356836319,1.9703571466463,18.7130357197353,16.7426786082132,35.298367704664
"MHER023",27.4035714353834,24.4883929661342,30.3276785782405,5.83910714728492,3.31681604896273,9.5455356836319,1.9703571466463,18.7130357197353,16.7426786082132,35.298367704664
"MHER024",27.4035714353834,24.4883929661342,30.3276785782405,5.83910714728492,3.31681604896273,9.5455356836319,1.9703571466463,18.7130357197353,16.7426786082132,35.298367704664
"MHER025",7.98499999596522,7.68298080334297,8.39384614504301,0.711346151450506,0.051350000135314,9.02278845126812,1.81855769741994,18.58365381681,16.7644230769231,34.7388567190904
"MHER026",7.98499999596522,7.68298080334297,8.39384614504301,0.711346151450506,0.051350000135314,9.02278845126812,1.81855769741994,18.58365381681,16.7644230769231,34.7388567190904
"MHER027",7.98499999596522,7.68298080334297,8.39384614504301,0.711346151450506,0.051350000135314,9.02278845126812,1.81855769741994,18.58365381681,16.7644230769231,34.7388567190904
"MHER028",27.4035714353834,24.4883929661342,30.3276785782405,5.83910714728492,3.31681604896273,9.5455356836319,1.9703571466463,18.7130357197353,16.7426786082132,35.298367704664
"MHER029",27.4035714353834,24.4883929661342,30.3276785782405,5.83910714728492,3.31681604896273,9.5455356836319,1.9703571466463,18.7130357197353,16.7426786082132,35.298367704664
"MHER030",27.4035714353834,24.4883929661342,30.3276785782405,5.83910714728492,3.31681604896273,9.5455356836319,1.9703571466463,18.7130357197353,16.7426786082132,35.298367704664
"MHER034",24.5470068016831,21.4728571573893,27.5280951934607,6.055238087972,3.44343129631613,9.86088436801417,2.38326530394201,18.6573468292652,16.2744898277075,32.018806094215
"MHER035",24.5470068016831,21.4728571573893,27.5280951934607,6.055238087972,3.44343129631613,9.86088436801417,2.38326530394201,18.6573468292652,16.2744898277075,32.018806094215
"MHER036",24.5470068016831,21.4728571573893,27.5280951934607,6.055238087972,3.44343129631613,9.86088436801417,2.38326530394201,18.6573468292652,16.2744898277075,32.018806094215
"MHER037",24.5470068016831,21.4728571573893,27.5280951934607,6.055238087972,3.44343129631613,9.86088436801417,2.38326530394201,18.6573468292652,16.2744898277075,32.018806094215
"MHER038",30.4238834936642,27.8839805380812,32.7166019365625,4.83233009264307,2.35671456809183,9.95718453231367,2.81339804871568,18.5046601897305,15.6915534399088,30.0723465669502
"MHER039",30.4238834936642,27.8839805380812,32.7166019365625,4.83233009264307,2.35671456809183,9.95718453231367,2.81339804871568,18.5046601897305,15.6915534399088,30.0723465669502
"MHER044",27.4035714353834,24.4883929661342,30.3276785782405,5.83910714728492,3.31681604896273,9.5455356836319,1.9703571466463,18.7130357197353,16.7426786082132,35.298367704664
"MHER045",27.4035714353834,24.4883929661342,30.3276785782405,5.83910714728492,3.31681604896273,9.5455356836319,1.9703571466463,18.7130357197353,16.7426786082132,35.298367704664
"MHER046",27.4035714353834,24.4883929661342,30.3276785782405,5.83910714728492,3.31681604896273,9.5455356836319,1.9703571466463,18.7130357197353,16.7426786082132,35.298367704664
"MHER052",8.20539322863804,8.01831464553147,8.41853924547688,0.40044943335351,0.0206067416858807,8.76955058065693,1.5950561668096,18.9566290994708,17.3611235029242,37.1535112188104
"MHER053",33.2994766235352,31.8548254966736,34.359534928965,2.50470930060675,0.636016278939192,9.6566860426304,3.99279071771821,17.3280232174452,13.3352906925734,21.1062598893809
"MHER054",6.80992958243464,6.71028169108109,6.97866195692143,0.268732393816323,0.00677746478927282,5.7576056198335,-0.677816897893036,16.8316197328165,17.5097183778252,39.1376858966451
"MHER055",6.80992958243464,6.71028169108109,6.97866195692143,0.268732393816323,0.00677746478927282,5.7576056198335,-0.677816897893036,16.8316197328165,17.5097183778252,39.1376858966451
"MHER056",6.80992958243464,6.71028169108109,6.97866195692143,0.268732393816323,0.00677746478927282,5.7576056198335,-0.677816897893036,16.8316197328165,17.5097183778252,39.1376858966451
"MHER057",7.98499999596522,7.68298080334297,8.39384614504301,0.711346151450506,0.051350000135314,9.02278845126812,1.81855769741994,18.58365381681,16.7644230769231,34.7388567190904
"MHER058",7.98499999596522,7.68298080334297,8.39384614504301,0.711346151450506,0.051350000135314,9.02278845126812,1.81855769741994,18.58365381681,16.7644230769231,34.7388567190904
"MHER059",7.98499999596522,7.68298080334297,8.39384614504301,0.711346151450506,0.051350000135314,9.02278845126812,1.81855769741994,18.58365381681,16.7644230769231,34.7388567190904
"MHER061",27.4035714353834,24.4883929661342,30.3276785782405,5.83910714728492,3.31681604896273,9.5455356836319,1.9703571466463,18.7130357197353,16.7426786082132,35.298367704664
"MHER062",27.4035714353834,24.4883929661342,30.3276785782405,5.83910714728492,3.31681604896273,9.5455356836319,1.9703571466463,18.7130357197353,16.7426786082132,35.298367704664
"MHER063",27.4035714353834,24.4883929661342,30.3276785782405,5.83910714728492,3.31681604896273,9.5455356836319,1.9703571466463,18.7130357197353,16.7426786082132,35.298367704664
"MHER064",27.4035714353834,24.4883929661342,30.3276785782405,5.83910714728492,3.31681604896273,9.5455356836319,1.9703571466463,18.7130357197353,16.7426786082132,35.298367704664
"MHER065",30.4238834936642,27.8839805380812,32.7166019365625,4.83233009264307,2.35671456809183,9.95718453231367,2.81339804871568,18.5046601897305,15.6915534399088,30.0723465669502
"MHER066",30.4238834936642,27.8839805380812,32.7166019365625,4.83233009264307,2.35671456809183,9.95718453231367,2.81339804871568,18.5046601897305,15.6915534399088,30.0723465669502
"12S4S7i22",29.4426041642825,26.9419791301092,31.2629167238871,4.32135417809089,2.38688230266174,5.85416668653488,-0.645416667956548,13.7036458055178,14.3487499554952,25.1209937135379
"16SBDO107",30.1891304513682,29.3898552604344,30.9207243435625,1.53173914163009,0.292717389870381,7.52913043118905,-0.206376812380293,18.7886955979942,18.9957971434662,47.3272072059521
"16SBDO106",30.1891304513682,29.3898552604344,30.9207243435625,1.53173914163009,0.292717389870381,7.52913043118905,-0.206376812380293,18.7886955979942,18.9957971434662,47.3272072059521
"14F4TL415",29.5824999809265,28.1253125071526,30.9979687333107,2.87320312671363,1.11624296894297,7.7538281083107,-0.682031248579733,17.8803905546665,18.5629687309265,45.5680484175682
"16S6Pla72",31.8497938962327,31.2426804611363,32.3724740411817,1.13030928680577,0.134860824371122,5.9780412359336,-0.154226801924638,15.4316495325147,15.5850516152136,29.6847505274507
"16S6Pla71",31.8497938962327,31.2426804611363,32.3724740411817,1.13030928680577,0.134860824371122,5.9780412359336,-0.154226801924638,15.4316495325147,15.5850516152136,29.6847505274507
"16S4Pla79",31.8497938962327,31.2426804611363,32.3724740411817,1.13030928680577,0.134860824371122,5.9780412359336,-0.154226801924638,15.4316495325147,15.5850516152136,29.6847505274507
"16S4Pla78",31.8497938962327,31.2426804611363,32.3724740411817,1.13030928680577,0.134860824371122,5.9780412359336,-0.154226801924638,15.4316495325147,15.5850516152136,29.6847505274507
"15S3K449",31.6532744010993,30.6429203337273,32.2992037207679,1.656902656091,0.332159291853947,5.2927433494973,-0.515929203777187,14.8589380399316,15.3745133138336,30.0624363654483
"15S3K430",31.6532744010993,30.6429203337273,32.2992037207679,1.656902656091,0.332159291853947,5.2927433494973,-0.515929203777187,14.8589380399316,15.3745133138336,30.0624363654483
"15S3K410",31.6532744010993,30.6429203337273,32.2992037207679,1.656902656091,0.332159291853947,5.2927433494973,-0.515929203777187,14.8589380399316,15.3745133138336,30.0624363654483
"15S3K404",31.6532744010993,30.6429203337273,32.2992037207679,1.656902656091,0.332159291853947,5.2927433494973,-0.515929203777187,14.8589380399316,15.3745133138336,30.0624363654483
"14S3Ps265",31.8237079877532,31.2544944634598,32.2853933184334,1.03056176994624,0.101416853790203,6.09831460138385,0.0850561792135572,15.6521348310321,15.5675280710285,29.2617819496755
"14S3Ps233",31.8237079877532,31.2544944634598,32.2853933184334,1.03056176994624,0.101416853790203,6.09831460138385,0.0850561792135572,15.6521348310321,15.5675280710285,29.2617819496755
"14F4TL404",29.5824999809265,28.1253125071526,30.9979687333107,2.87320312671363,1.11624296894297,7.7538281083107,-0.682031248579733,17.8803905546665,18.5629687309265,45.5680484175682
"12S4Rsv41",31.4764367465315,30.712758645244,32.1018391751695,1.38931034214195,0.204917241101977,6.12321839935478,-0.492183905715744,16.0912643410694,16.5837931797422,33.699142587596
"12S4Rsv38",31.4764367465315,30.712758645244,32.1018391751695,1.38931034214195,0.204917241101977,6.12321839935478,-0.492183905715744,16.0912643410694,16.5837931797422,33.699142587596
"15F5Y514620",31.7042424173066,31.1714141537445,32.3017169682667,1.13101009768669,0.137031313220058,10.1773737512454,2.38282829703707,19.1849495473534,16.802424276718,35.0810980748649
"15F5Y514617",31.7042424173066,31.1714141537445,32.3017169682667,1.13101009768669,0.137031313220058,10.1773737512454,2.38282829703707,19.1849495473534,16.802424276718,35.0810980748649
"15F4XRsb626",30.2324094657438,29.3868673623326,30.8731325218476,1.48650602691145,0.282891565417669,7.09554216660649,0.802771087152413,13.7780722652573,12.9765060263944,22.9084770708199
"15F4XRsb625",30.2324094657438,29.3868673623326,30.8731325218476,1.48650602691145,0.282891565417669,7.09554216660649,0.802771087152413,13.7780722652573,12.9765060263944,22.9084770708199
"15F3K621",31.6517699925245,30.6439822711776,32.2975223169918,1.65407079827469,0.330947787888282,5.27469025037985,-0.515663717304711,14.8294690056185,15.3447788035975,29.9558045210037
"15F3K609",31.6517699925245,30.6439822711776,32.2975223169918,1.65407079827469,0.330947787888282,5.27469025037985,-0.515663717304711,14.8294690056185,15.3447788035975,29.9558045210037
"15F3K602",31.6517699925245,30.6439822711776,32.2975223169918,1.65407079827469,0.330947787888282,5.27469025037985,-0.515663717304711,14.8294690056185,15.3447788035975,29.9558045210037
"15F2J616",31.3552307569064,29.77669237577,32.2594615642841,2.48323076688326,0.742991540065179,3.53592309401586,-0.82276923083342,10.0575384580172,10.8798461437225,14.1806723007789
"15F2J606",31.3552307569064,29.77669237577,32.2594615642841,2.48323076688326,0.742991540065179,3.53592309401586,-0.82276923083342,10.0575384580172,10.8798461437225,14.1806723007789
"15F2J603",31.3552307569064,29.77669237577,32.2594615642841,2.48323076688326,0.742991540065179,3.53592309401586,-0.82276923083342,10.0575384580172,10.8798461437225,14.1806723007789
"15F2J602",31.3552307569064,29.77669237577,32.2594615642841,2.48323076688326,0.742991540065179,3.53592309401586,-0.82276923083342,10.0575384580172,10.8798461437225,14.1806723007789
"14F4WK316",30.4522222095066,30.0317777209812,30.8557778464423,0.823999999629127,0.0899633327705992,7.47000001271566,0.166444442628158,16.8101110140483,16.6439999898275,36.3686500549316
"14F4WK306",30.4522222095066,30.0317777209812,30.8557778464423,0.823999999629127,0.0899633327705992,7.47000001271566,0.166444442628158,16.8101110140483,16.6439999898275,36.3686500549316
"12S4S7i28",29.4426041642825,26.9419791301092,31.2629167238871,4.32135417809089,2.38688230266174,5.85416668653488,-0.645416667956548,13.7036458055178,14.3487499554952,25.1209937135379
"15F3K601",31.6517699925245,30.6439822711776,32.2975223169918,1.65407079827469,0.330947787888282,5.27469025037985,-0.515663717304711,14.8294690056185,15.3447788035975,29.9558045210037
"14F4Sbs349",31.0879382497257,29.8535051247508,31.9899998497717,2.13701030151131,0.504076287304003,5.3854638915701,-0.663298969032224,14.1674226583894,14.8301031761563,25.5499803602081
"14F4Sbs344",31.0879382497257,29.8535051247508,31.9899998497717,2.13701030151131,0.504076287304003,5.3854638915701,-0.663298969032224,14.1674226583894,14.8301031761563,25.5499803602081
"AAL1",34.8628454751115,34.6821951207107,34.9841463972882,0.301951221576551,0.00721463416816621,11.8445528231985,8.42959353206603,15.618048776456,7.1888617965264,6.51922277900262
"AAL2",34.8628454751115,34.6821951207107,34.9841463972882,0.301951221576551,0.00721463416816621,11.8445528231985,8.42959353206603,15.618048776456,7.1888617965264,6.51922277900262
"AAL3",34.8628454751115,34.6821951207107,34.9841463972882,0.301951221576551,0.00721463416816621,11.8445528231985,8.42959353206603,15.618048776456,7.1888617965264,6.51922277900262
"AF29",33.420393225852,32.5428088113163,34.0142695180486,1.47191011168984,0.193397752229082,9.50488762641221,4.42438200484501,16.6798876162325,12.2557303503658,17.053934847371
"AF30",33.420393225852,32.5428088113163,34.0142695180486,1.47191011168984,0.193397752229082,9.50488762641221,4.42438200484501,16.6798876162325,12.2557303503658,17.053934847371
"AF31",33.420393225852,32.5428088113163,34.0142695180486,1.47191011168984,0.193397752229082,9.50488762641221,4.42438200484501,16.6798876162325,12.2557303503658,17.053934847371
"AF8",33.420393225852,32.5428088113163,34.0142695180486,1.47191011168984,0.193397752229082,9.50488762641221,4.42438200484501,16.6798876162325,12.2557303503658,17.053934847371
"AK1",34.1740538880632,33.8379053167395,34.3650674562196,0.52621621396896,0.021547972916852,12.155270273621,6.42391891415055,18.2867567861402,11.8629054249944,18.2238540262789
"AK2",34.1740538880632,33.8379053167395,34.3650674562196,0.52621621396896,0.021547972916852,12.155270273621,6.42391891415055,18.2867567861402,11.8629054249944,18.2238540262789
"AK3",34.1740538880632,33.8379053167395,34.3650674562196,0.52621621396896,0.021547972916852,12.155270273621,6.42391891415055,18.2867567861402,11.8629054249944,18.2238540262789
"AM27",34.1067129947521,33.6048148119891,34.6684258955496,1.06402777632078,0.148483333419319,9.11662036401254,5.40449073689955,14.8182870282067,9.41449075495755,10.7893208375684
"AM29",34.1067129947521,33.6048148119891,34.6684258955496,1.06402777632078,0.148483333419319,9.11662036401254,5.40449073689955,14.8182870282067,9.41449075495755,10.7893208375684
"AM33",34.1067129947521,33.6048148119891,34.6684258955496,1.06402777632078,0.148483333419319,9.11662036401254,5.40449073689955,14.8182870282067,9.41449075495755,10.7893208375684
"AM8",34.1067129947521,33.6048148119891,34.6684258955496,1.06402777632078,0.148483333419319,9.11662036401254,5.40449073689955,14.8182870282067,9.41449075495755,10.7893208375684
"BF16",6.11632654131675,5.83846937393656,6.30418367288551,0.466428569080878,0.024363265315793,6.97857140035045,0.0944897961061524,17.6107142798755,17.5169387350277,37.7308501418756
"BF18",6.11632654131675,5.83846937393656,6.30418367288551,0.466428569080878,0.024363265315793,6.97857140035045,0.0944897961061524,17.6107142798755,17.5169387350277,37.7308501418756
"BF19",6.11632654131675,5.83846937393656,6.30418367288551,0.466428569080878,0.024363265315793,6.97857140035045,0.0944897961061524,17.6107142798755,17.5169387350277,37.7308501418756
"BF21",6.11632654131675,5.83846937393656,6.30418367288551,0.466428569080878,0.024363265315793,6.97857140035045,0.0944897961061524,17.6107142798755,17.5169387350277,37.7308501418756
"BM14",6.11632654131675,5.83846937393656,6.30418367288551,0.466428569080878,0.024363265315793,6.97857140035045,0.0944897961061524,17.6107142798755,17.5169387350277,37.7308501418756
"BM15",6.11632654131675,5.83846937393656,6.30418367288551,0.466428569080878,0.024363265315793,6.97857140035045,0.0944897961061524,17.6107142798755,17.5169387350277,37.7308501418756
"BM16",6.11632654131675,5.83846937393656,6.30418367288551,0.466428569080878,0.024363265315793,6.97857140035045,0.0944897961061524,17.6107142798755,17.5169387350277,37.7308501418756
"BM19",6.11632654131675,5.83846937393656,6.30418367288551,0.466428569080878,0.024363265315793,6.97857140035045,0.0944897961061524,17.6107142798755,17.5169387350277,37.7308501418756
"Fehmarn3",17.9170229234768,15.6887022557149,19.9547328220979,4.26641224358828,1.72141984491858,9.74412217030998,1.7551145021242,18.6835114573704,16.9280915806312,36.54342681943
"Fehmarn44",17.9170229234768,15.6887022557149,19.9547328220979,4.26641224358828,1.72141984491858,9.74412217030998,1.7551145021242,18.6835114573704,16.9280915806312,36.54342681943
"Fehmarn6",17.9170229234768,15.6887022557149,19.9547328220979,4.26641224358828,1.72141984491858,9.74412217030998,1.7551145021242,18.6835114573704,16.9280915806312,36.54342681943
"Gavle100",17.9170229234768,15.6887022557149,19.9547328220979,4.26641224358828,1.72141984491858,9.74412217030998,1.7551145021242,18.6835114573704,16.9280915806312,36.54342681943
"Gavle54",17.9170229234768,15.6887022557149,19.9547328220979,4.26641224358828,1.72141984491858,9.74412217030998,1.7551145021242,18.6835114573704,16.9280915806312,36.54342681943
"Gavle98",17.9170229234768,15.6887022557149,19.9547328220979,4.26641224358828,1.72141984491858,9.74412217030998,1.7551145021242,18.6835114573704,16.9280915806312,36.54342681943
"Herring752",34.0491763395422,33.9036471647375,34.2045881832347,0.300823529502925,0.00894117651178556,5.19247058139128,1.8051764730145,11.9015294355505,10.0958823204041,11.7482553145465
"Herring753",34.0491763395422,33.9036471647375,34.2045881832347,0.300823529502925,0.00894117651178556,5.19247058139128,1.8051764730145,11.9015294355505,10.0958823204041,11.7482553145465
"Herring754",34.0491763395422,33.9036471647375,34.2045881832347,0.300823529502925,0.00894117651178556,5.19247058139128,1.8051764730145,11.9015294355505,10.0958823204041,11.7482553145465
"Herring755",34.0491763395422,33.9036471647375,34.2045881832347,0.300823529502925,0.00894117651178556,5.19247058139128,1.8051764730145,11.9015294355505,10.0958823204041,11.7482553145465
"Herring756",34.0491763395422,33.9036471647375,34.2045881832347,0.300823529502925,0.00894117651178556,5.19247058139128,1.8051764730145,11.9015294355505,10.0958823204041,11.7482553145465
"Herring757",34.0491763395422,33.9036471647375,34.2045881832347,0.300823529502925,0.00894117651178556,5.19247058139128,1.8051764730145,11.9015294355505,10.0958823204041,11.7482553145465
"Herring758",34.0491763395422,33.9036471647375,34.2045881832347,0.300823529502925,0.00894117651178556,5.19247058139128,1.8051764730145,11.9015294355505,10.0958823204041,11.7482553145465
"Herring759",34.0491763395422,33.9036471647375,34.2045881832347,0.300823529502925,0.00894117651178556,5.19247058139128,1.8051764730145,11.9015294355505,10.0958823204041,11.7482553145465
"Herring760",34.0491763395422,33.9036471647375,34.2045881832347,0.300823529502925,0.00894117651178556,5.19247058139128,1.8051764730145,11.9015294355505,10.0958823204041,11.7482553145465
"Herring761",34.0491763395422,33.9036471647375,34.2045881832347,0.300823529502925,0.00894117651178556,5.19247058139128,1.8051764730145,11.9015294355505,10.0958823204041,11.7482553145465
"Herring762",34.0491763395422,33.9036471647375,34.2045881832347,0.300823529502925,0.00894117651178556,5.19247058139128,1.8051764730145,11.9015294355505,10.0958823204041,11.7482553145465
"Herring763",34.0491763395422,33.9036471647375,34.2045881832347,0.300823529502925,0.00894117651178556,5.19247058139128,1.8051764730145,11.9015294355505,10.0958823204041,11.7482553145465
"Herring765",34.0491763395422,33.9036471647375,34.2045881832347,0.300823529502925,0.00894117651178556,5.19247058139128,1.8051764730145,11.9015294355505,10.0958823204041,11.7482553145465
"Herring766",34.0491763395422,33.9036471647375,34.2045881832347,0.300823529502925,0.00894117651178556,5.19247058139128,1.8051764730145,11.9015294355505,10.0958823204041,11.7482553145465
"Herring767",34.0491763395422,33.9036471647375,34.2045881832347,0.300823529502925,0.00894117651178556,5.19247058139128,1.8051764730145,11.9015294355505,10.0958823204041,11.7482553145465
"Herring768",34.0491763395422,33.9036471647375,34.2045881832347,0.300823529502925,0.00894117651178556,5.19247058139128,1.8051764730145,11.9015294355505,10.0958823204041,11.7482553145465
"Herring769",34.0491763395422,33.9036471647375,34.2045881832347,0.300823529502925,0.00894117651178556,5.19247058139128,1.8051764730145,11.9015294355505,10.0958823204041,11.7482553145465
"Herring770",34.0491763395422,33.9036471647375,34.2045881832347,0.300823529502925,0.00894117651178556,5.19247058139128,1.8051764730145,11.9015294355505,10.0958823204041,11.7482553145465
"Herring771",34.0491763395422,33.9036471647375,34.2045881832347,0.300823529502925,0.00894117651178556,5.19247058139128,1.8051764730145,11.9015294355505,10.0958823204041,11.7482553145465
"Herring772",34.0491763395422,33.9036471647375,34.2045881832347,0.300823529502925,0.00894117651178556,5.19247058139128,1.8051764730145,11.9015294355505,10.0958823204041,11.7482553145465
"Herring773",34.0491763395422,33.9036471647375,34.2045881832347,0.300823529502925,0.00894117651178556,5.19247058139128,1.8051764730145,11.9015294355505,10.0958823204041,11.7482553145465
"Herring774",34.0491763395422,33.9036471647375,34.2045881832347,0.300823529502925,0.00894117651178556,5.19247058139128,1.8051764730145,11.9015294355505,10.0958823204041,11.7482553145465
"Herring775",34.0491763395422,33.9036471647375,34.2045881832347,0.300823529502925,0.00894117651178556,5.19247058139128,1.8051764730145,11.9015294355505,10.0958823204041,11.7482553145465
"Herring776",34.0491763395422,33.9036471647375,34.2045881832347,0.300823529502925,0.00894117651178556,5.19247058139128,1.8051764730145,11.9015294355505,10.0958823204041,11.7482553145465
"Herring777",34.0491763395422,33.9036471647375,34.2045881832347,0.300823529502925,0.00894117651178556,5.19247058139128,1.8051764730145,11.9015294355505,10.0958823204041,11.7482553145465
"Herring778",34.0491763395422,33.9036471647375,34.2045881832347,0.300823529502925,0.00894117651178556,5.19247058139128,1.8051764730145,11.9015294355505,10.0958823204041,11.7482553145465
"Herring779",34.0491763395422,33.9036471647375,34.2045881832347,0.300823529502925,0.00894117651178556,5.19247058139128,1.8051764730145,11.9015294355505,10.0958823204041,11.7482553145465
"Herring780",34.0491763395422,33.9036471647375,34.2045881832347,0.300823529502925,0.00894117651178556,5.19247058139128,1.8051764730145,11.9015294355505,10.0958823204041,11.7482553145465
"Herring781",34.0491763395422,33.9036471647375,34.2045881832347,0.300823529502925,0.00894117651178556,5.19247058139128,1.8051764730145,11.9015294355505,10.0958823204041,11.7482553145465
"Herring782",34.0491763395422,33.9036471647375,34.2045881832347,0.300823529502925,0.00894117651178556,5.19247058139128,1.8051764730145,11.9015294355505,10.0958823204041,11.7482553145465
"Herring783",34.0491763395422,33.9036471647375,34.2045881832347,0.300823529502925,0.00894117651178556,5.19247058139128,1.8051764730145,11.9015294355505,10.0958823204041,11.7482553145465
"Herring784",34.0491763395422,33.9036471647375,34.2045881832347,0.300823529502925,0.00894117651178556,5.19247058139128,1.8051764730145,11.9015294355505,10.0958823204041,11.7482553145465
"Herring785",34.0491763395422,33.9036471647375,34.2045881832347,0.300823529502925,0.00894117651178556,5.19247058139128,1.8051764730145,11.9015294355505,10.0958823204041,11.7482553145465
"Herring786",34.0491763395422,33.9036471647375,34.2045881832347,0.300823529502925,0.00894117651178556,5.19247058139128,1.8051764730145,11.9015294355505,10.0958823204041,11.7482553145465
"Herring787",34.0491763395422,33.9036471647375,34.2045881832347,0.300823529502925,0.00894117651178556,5.19247058139128,1.8051764730145,11.9015294355505,10.0958823204041,11.7482553145465
"Herring788",34.0491763395422,33.9036471647375,34.2045881832347,0.300823529502925,0.00894117651178556,5.19247058139128,1.8051764730145,11.9015294355505,10.0958823204041,11.7482553145465
"Herring789",34.0491763395422,33.9036471647375,34.2045881832347,0.300823529502925,0.00894117651178556,5.19247058139128,1.8051764730145,11.9015294355505,10.0958823204041,11.7482553145465
"Herring790",34.0491763395422,33.9036471647375,34.2045881832347,0.300823529502925,0.00894117651178556,5.19247058139128,1.8051764730145,11.9015294355505,10.0958823204041,11.7482553145465
"Herring791",34.0491763395422,33.9036471647375,34.2045881832347,0.300823529502925,0.00894117651178556,5.19247058139128,1.8051764730145,11.9015294355505,10.0958823204041,11.7482553145465
"Herring792",34.0491763395422,33.9036471647375,34.2045881832347,0.300823529502925,0.00894117651178556,5.19247058139128,1.8051764730145,11.9015294355505,10.0958823204041,11.7482553145465
"Herring793",34.0491763395422,33.9036471647375,34.2045881832347,0.300823529502925,0.00894117651178556,5.19247058139128,1.8051764730145,11.9015294355505,10.0958823204041,11.7482553145465
"HWS11",33.2063735291198,32.7579120174869,33.5526374146179,0.795054944661947,0.0721153844106984,7.02505494212056,0.527912089396473,17.158571599604,16.6305493155679,36.6374296251234
"HWS12",33.2063735291198,32.7579120174869,33.5526374146179,0.795054944661947,0.0721153844106984,7.02505494212056,0.527912089396473,17.158571599604,16.6305493155679,36.6374296251234
"HWS13",33.2063735291198,32.7579120174869,33.5526374146179,0.795054944661947,0.0721153844106984,7.02505494212056,0.527912089396473,17.158571599604,16.6305493155679,36.6374296251234
"HWS14",33.2063735291198,32.7579120174869,33.5526374146179,0.795054944661947,0.0721153844106984,7.02505494212056,0.527912089396473,17.158571599604,16.6305493155679,36.6374296251234
"HWS21",31.3947552367524,30.164125842648,32.6066432499385,2.44258740398434,0.69680209635021,4.68734266541221,-0.568951049259492,9.40083917871222,9.97062935195603,15.062372000901
"HWS22",31.3947552367524,30.164125842648,32.6066432499385,2.44258740398434,0.69680209635021,4.68734266541221,-0.568951049259492,9.40083917871222,9.97062935195603,15.062372000901
"HWS23",31.3947552367524,30.164125842648,32.6066432499385,2.44258740398434,0.69680209635021,4.68734266541221,-0.568951049259492,9.40083917871222,9.97062935195603,15.062372000901
"HWS24",31.3947552367524,30.164125842648,32.6066432499385,2.44258740398434,0.69680209635021,4.68734266541221,-0.568951049259492,9.40083917871222,9.97062935195603,15.062372000901
"HWS31",22.2935483378749,19.3221505688083,24.8618279733965,5.54032258577244,2.2267257987812,6.02290324498248,-0.74268817236667,14.7091397726408,15.4525806262929,31.676850452218
"HWS32",22.2935483378749,19.3221505688083,24.8618279733965,5.54032258577244,2.2267257987812,6.02290324498248,-0.74268817236667,14.7091397726408,15.4525806262929,31.676850452218
"HWS33",22.2935483378749,19.3221505688083,24.8618279733965,5.54032258577244,2.2267257987812,6.02290324498248,-0.74268817236667,14.7091397726408,15.4525806262929,31.676850452218
"HWS34",22.2935483378749,19.3221505688083,24.8618279733965,5.54032258577244,2.2267257987812,6.02290324498248,-0.74268817236667,14.7091397726408,15.4525806262929,31.676850452218
"HWS41",30.4737288588184,29.7401694604906,31.2481356475313,1.50915253970583,0.215796610308906,4.41406778561867,-0.47084745973096,13.7649152804229,14.2359322814618,26.0224219176729
"HWS42",30.4737288588184,29.7401694604906,31.2481356475313,1.50915253970583,0.215796610308906,4.41406778561867,-0.47084745973096,13.7649152804229,14.2359322814618,26.0224219176729
"HWS43",30.4737288588184,29.7401694604906,31.2481356475313,1.50915253970583,0.215796610308906,4.41406778561867,-0.47084745973096,13.7649152804229,14.2359322814618,26.0224219176729
"HWS44",30.4737288588184,29.7401694604906,31.2481356475313,1.50915253970583,0.215796610308906,4.41406778561867,-0.47084745973096,13.7649152804229,14.2359322814618,26.0224219176729
"HWS51",29.6711940196023,28.9158208761642,30.505000085973,1.5890298530237,0.223452238560613,4.71044774553669,-0.746716420152294,14.1810447707105,14.9269402774412,28.2625626094306
"HWS52",29.6711940196023,28.9158208761642,30.505000085973,1.5890298530237,0.223452238560613,4.71044774553669,-0.746716420152294,14.1810447707105,14.9269402774412,28.2625626094306
"HWS53",29.6711940196023,28.9158208761642,30.505000085973,1.5890298530237,0.223452238560613,4.71044774553669,-0.746716420152294,14.1810447707105,14.9269402774412,28.2625626094306
"HWS54",29.6711940196023,28.9158208761642,30.505000085973,1.5890298530237,0.223452238560613,4.71044774553669,-0.746716420152294,14.1810447707105,14.9269402774412,28.2625626094306
"HWS61",34.0491763395422,33.9036471647375,34.2045881832347,0.300823529502925,0.00894117651178556,5.19247058139128,1.8051764730145,11.9015294355505,10.0958823204041,11.7482553145465
"HWS62",34.0491763395422,33.9036471647375,34.2045881832347,0.300823529502925,0.00894117651178556,5.19247058139128,1.8051764730145,11.9015294355505,10.0958823204041,11.7482553145465
"HWS63",34.0491763395422,33.9036471647375,34.2045881832347,0.300823529502925,0.00894117651178556,5.19247058139128,1.8051764730145,11.9015294355505,10.0958823204041,11.7482553145465
"HWS64",34.0491763395422,33.9036471647375,34.2045881832347,0.300823529502925,0.00894117651178556,5.19247058139128,1.8051764730145,11.9015294355505,10.0958823204041,11.7482553145465
"NorthSea13",33.3162251908258,31.8476158419982,34.4583444405865,2.61192052727503,0.773882119466137,9.99125828332459,4.28701988513896,17.6363576105888,13.3491390746161,20.9466973866848
"NorthSea19",33.3162251908258,31.8476158419982,34.4583444405865,2.61192052727503,0.773882119466137,9.99125828332459,4.28701988513896,17.6363576105888,13.3491390746161,20.9466973866848
"NorthSea34",33.3162251908258,31.8476158419982,34.4583444405865,2.61192052727503,0.773882119466137,9.99125828332459,4.28701988513896,17.6363576105888,13.3491390746161,20.9466973866848
"NSSH33",33.3162251908258,31.8476158419982,34.4583444405865,2.61192052727503,0.773882119466137,9.99125828332459,4.28701988513896,17.6363576105888,13.3491390746161,20.9466973866848
"NSSH34",33.3162251908258,31.8476158419982,34.4583444405865,2.61192052727503,0.773882119466137,9.99125828332459,4.28701988513896,17.6363576105888,13.3491390746161,20.9466973866848
"NSSH36",33.3162251908258,31.8476158419982,34.4583444405865,2.61192052727503,0.773882119466137,9.99125828332459,4.28701988513896,17.6363576105888,13.3491390746161,20.9466973866848
"Pacific16",30.3346728922051,28.2182242848049,31.2599999614965,3.04196263139493,0.797744859323323,10.7090653927527,5.59168224795678,16.7792523107796,11.1868224366803,16.9489392877739
"Pacific3",30.3346728922051,28.2182242848049,31.2599999614965,3.04196263139493,0.797744859323323,10.7090653927527,5.59168224795678,16.7792523107796,11.1868224366803,16.9489392877739
"Pacific30",30.3346728922051,28.2182242848049,31.2599999614965,3.04196263139493,0.797744859323323,10.7090653927527,5.59168224795678,16.7792523107796,11.1868224366803,16.9489392877739
"Pacific35",30.3346728922051,28.2182242848049,31.2599999614965,3.04196263139493,0.797744859323323,10.7090653927527,5.59168224795678,16.7792523107796,11.1868224366803,16.9489392877739
"Pacific44",30.3346728922051,28.2182242848049,31.2599999614965,3.04196263139493,0.797744859323323,10.7090653927527,5.59168224795678,16.7792523107796,11.1868224366803,16.9489392877739
"Pacific5",30.3346728922051,28.2182242848049,31.2599999614965,3.04196263139493,0.797744859323323,10.7090653927527,5.59168224795678,16.7792523107796,11.1868224366803,16.9489392877739
"Z12",33.7971711409719,33.5571711941769,33.9422368250395,0.384802628504603,0.0100526316060783,11.1307237148285,7.47282894661552,15.0373026195325,7.56532894623907,7.56213881153809
"Z14",33.7971711409719,33.5571711941769,33.9422368250395,0.384802628504603,0.0100526316060783,11.1307237148285,7.47282894661552,15.0373026195325,7.56532894623907,7.56213881153809
"Z4",33.7971711409719,33.5571711941769,33.9422368250395,0.384802628504603,0.0100526316060783,11.1307237148285,7.47282894661552,15.0373026195325,7.56532894623907,7.56213881153809
"2016507910",34.8163535186599,34.3748065885259,35.1038673780241,0.729226519060398,0.0534160223413897,10.109558026435,7.03005524893492,15.4218784195283,8.39204417012673,8.01353812349435
"2016507911",34.8163535186599,34.3748065885259,35.1038673780241,0.729226519060398,0.0534160223413897,10.109558026435,7.03005524893492,15.4218784195283,8.39204417012673,8.01353812349435
"2016507912",34.8163535186599,34.3748065885259,35.1038673780241,0.729226519060398,0.0534160223413897,10.109558026435,7.03005524893492,15.4218784195283,8.39204417012673,8.01353812349435
"2016507913",34.8163535186599,34.3748065885259,35.1038673780241,0.729226519060398,0.0534160223413897,10.109558026435,7.03005524893492,15.4218784195283,8.39204417012673,8.01353812349435
"2016507915",34.8163535186599,34.3748065885259,35.1038673780241,0.729226519060398,0.0534160223413897,10.109558026435,7.03005524893492,15.4218784195283,8.39204417012673,8.01353812349435
"2016507916",34.8163535186599,34.3748065885259,35.1038673780241,0.729226519060398,0.0534160223413897,10.109558026435,7.03005524893492,15.4218784195283,8.39204417012673,8.01353812349435
"2016507918",34.8163535186599,34.3748065885259,35.1038673780241,0.729226519060398,0.0534160223413897,10.109558026435,7.03005524893492,15.4218784195283,8.39204417012673,8.01353812349435
"2016507919",34.8163535186599,34.3748065885259,35.1038673780241,0.729226519060398,0.0534160223413897,10.109558026435,7.03005524893492,15.4218784195283,8.39204417012673,8.01353812349435
"2016507920",34.8163535186599,34.3748065885259,35.1038673780241,0.729226519060398,0.0534160223413897,10.109558026435,7.03005524893492,15.4218784195283,8.39204417012673,8.01353812349435
"201650792",34.8163535186599,34.3748065885259,35.1038673780241,0.729226519060398,0.0534160223413897,10.109558026435,7.03005524893492,15.4218784195283,8.39204417012673,8.01353812349435
"201650793",34.8163535186599,34.3748065885259,35.1038673780241,0.729226519060398,0.0534160223413897,10.109558026435,7.03005524893492,15.4218784195283,8.39204417012673,8.01353812349435
"201650794",34.8163535186599,34.3748065885259,35.1038673780241,0.729226519060398,0.0534160223413897,10.109558026435,7.03005524893492,15.4218784195283,8.39204417012673,8.01353812349435
"201650795",34.8163535186599,34.3748065885259,35.1038673780241,0.729226519060398,0.0534160223413897,10.109558026435,7.03005524893492,15.4218784195283,8.39204417012673,8.01353812349435
"201650796",34.8163535186599,34.3748065885259,35.1038673780241,0.729226519060398,0.0534160223413897,10.109558026435,7.03005524893492,15.4218784195283,8.39204417012673,8.01353812349435
"201650797",34.8163535186599,34.3748065885259,35.1038673780241,0.729226519060398,0.0534160223413897,10.109558026435,7.03005524893492,15.4218784195283,8.39204417012673,8.01353812349435
"201650798",34.8163535186599,34.3748065885259,35.1038673780241,0.729226519060398,0.0534160223413897,10.109558026435,7.03005524893492,15.4218784195283,8.39204417012673,8.01353812349435
"201650799",34.8163535186599,34.3748065885259,35.1038673780241,0.729226519060398,0.0534160223413897,10.109558026435,7.03005524893492,15.4218784195283,8.39204417012673,8.01353812349435
"201450544",35.2181958070735,35.1581444887771,35.2803093821732,0.122319587765588,0.00162164949300128,8.27371131759329,6.39417524681878,10.5858763173683,4.19231960945523,2.18415257549777
"201450545",35.2181958070735,35.1581444887771,35.2803093821732,0.122319587765588,0.00162164949300128,8.27371131759329,6.39417524681878,10.5858763173683,4.19231960945523,2.18415257549777
"2015501410",35.2181958070735,35.1581444887771,35.2803093821732,0.122319587765588,0.00162164949300128,8.27371131759329,6.39417524681878,10.5858763173683,4.19231960945523,2.18415257549777
"2015501411",35.2181958070735,35.1581444887771,35.2803093821732,0.122319587765588,0.00162164949300128,8.27371131759329,6.39417524681878,10.5858763173683,4.19231960945523,2.18415257549777
"201550141",35.2181958070735,35.1581444887771,35.2803093821732,0.122319587765588,0.00162164949300128,8.27371131759329,6.39417524681878,10.5858763173683,4.19231960945523,2.18415257549777
"201550142",35.2181958070735,35.1581444887771,35.2803093821732,0.122319587765588,0.00162164949300128,8.27371131759329,6.39417524681878,10.5858763173683,4.19231960945523,2.18415257549777
"201550143",35.2181958070735,35.1581444887771,35.2803093821732,0.122319587765588,0.00162164949300128,8.27371131759329,6.39417524681878,10.5858763173683,4.19231960945523,2.18415257549777
"201550145",35.2181958070735,35.1581444887771,35.2803093821732,0.122319587765588,0.00162164949300128,8.27371131759329,6.39417524681878,10.5858763173683,4.19231960945523,2.18415257549777
"201550147",35.2181958070735,35.1581444887771,35.2803093821732,0.122319587765588,0.00162164949300128,8.27371131759329,6.39417524681878,10.5858763173683,4.19231960945523,2.18415257549777
"201550149",35.2181958070735,35.1581444887771,35.2803093821732,0.122319587765588,0.00162164949300128,8.27371131759329,6.39417524681878,10.5858763173683,4.19231960945523,2.18415257549777
"201604591",35.2181958070735,35.1581444887771,35.2803093821732,0.122319587765588,0.00162164949300128,8.27371131759329,6.39417524681878,10.5858763173683,4.19231960945523,2.18415257549777
"2017501410",35.2181958070735,35.1581444887771,35.2803093821732,0.122319587765588,0.00162164949300128,8.27371131759329,6.39417524681878,10.5858763173683,4.19231960945523,2.18415257549777
"2017501411",35.2181958070735,35.1581444887771,35.2803093821732,0.122319587765588,0.00162164949300128,8.27371131759329,6.39417524681878,10.5858763173683,4.19231960945523,2.18415257549777
"2017501414",35.2181958070735,35.1581444887771,35.2803093821732,0.122319587765588,0.00162164949300128,8.27371131759329,6.39417524681878,10.5858763173683,4.19231960945523,2.18415257549777
"201750143",35.2181958070735,35.1581444887771,35.2803093821732,0.122319587765588,0.00162164949300128,8.27371131759329,6.39417524681878,10.5858763173683,4.19231960945523,2.18415257549777
"201750144",35.2181958070735,35.1581444887771,35.2803093821732,0.122319587765588,0.00162164949300128,8.27371131759329,6.39417524681878,10.5858763173683,4.19231960945523,2.18415257549777
"201750145",35.2181958070735,35.1581444887771,35.2803093821732,0.122319587765588,0.00162164949300128,8.27371131759329,6.39417524681878,10.5858763173683,4.19231960945523,2.18415257549777
"201750146",35.2181958070735,35.1581444887771,35.2803093821732,0.122319587765588,0.00162164949300128,8.27371131759329,6.39417524681878,10.5858763173683,4.19231960945523,2.18415257549777
"201750147",35.2181958070735,35.1581444887771,35.2803093821732,0.122319587765588,0.00162164949300128,8.27371131759329,6.39417524681878,10.5858763173683,4.19231960945523,2.18415257549777
"201750149",35.2181958070735,35.1581444887771,35.2803093821732,0.122319587765588,0.00162164949300128,8.27371131759329,6.39417524681878,10.5858763173683,4.19231960945523,2.18415257549777
"2017501510",35.2181958070735,35.1581444887771,35.2803093821732,0.122319587765588,0.00162164949300128,8.27371131759329,6.39417524681878,10.5858763173683,4.19231960945523,2.18415257549777
"201750153",35.2181958070735,35.1581444887771,35.2803093821732,0.122319587765588,0.00162164949300128,8.27371131759329,6.39417524681878,10.5858763173683,4.19231960945523,2.18415257549777
"201750154",35.2181958070735,35.1581444887771,35.2803093821732,0.122319587765588,0.00162164949300128,8.27371131759329,6.39417524681878,10.5858763173683,4.19231960945523,2.18415257549777
"201750155",35.2181958070735,35.1581444887771,35.2803093821732,0.122319587765588,0.00162164949300128,8.27371131759329,6.39417524681878,10.5858763173683,4.19231960945523,2.18415257549777
"201750157",35.2181958070735,35.1581444887771,35.2803093821732,0.122319587765588,0.00162164949300128,8.27371131759329,6.39417524681878,10.5858763173683,4.19231960945523,2.18415257549777
"201750158",35.2181958070735,35.1581444887771,35.2803093821732,0.122319587765588,0.00162164949300128,8.27371131759329,6.39417524681878,10.5858763173683,4.19231960945523,2.18415257549777
"201750159",35.2181958070735,35.1581444887771,35.2803093821732,0.122319587765588,0.00162164949300128,8.27371131759329,6.39417524681878,10.5858763173683,4.19231960945523,2.18415257549777
"201750201",35.0666669014173,34.8764101859851,35.1447692284217,0.268461538048891,0.00504307693157059,9.07128204688048,7.59517948933137,12.1615384957729,4.56651283410879,2.48309846168909
"201750202",35.0666669014173,34.8764101859851,35.1447692284217,0.268461538048891,0.00504307693157059,9.07128204688048,7.59517948933137,12.1615384957729,4.56651283410879,2.48309846168909
"201750203",35.0666669014173,34.8764101859851,35.1447692284217,0.268461538048891,0.00504307693157059,9.07128204688048,7.59517948933137,12.1615384957729,4.56651283410879,2.48309846168909
"201750204",35.0666669014173,34.8764101859851,35.1447692284217,0.268461538048891,0.00504307693157059,9.07128204688048,7.59517948933137,12.1615384957729,4.56651283410879,2.48309846168909
"201750205",35.0666669014173,34.8764101859851,35.1447692284217,0.268461538048891,0.00504307693157059,9.07128204688048,7.59517948933137,12.1615384957729,4.56651283410879,2.48309846168909
"201750206",35.0666669014173,34.8764101859851,35.1447692284217,0.268461538048891,0.00504307693157059,9.07128204688048,7.59517948933137,12.1615384957729,4.56651283410879,2.48309846168909
"201750207",35.0666669014173,34.8764101859851,35.1447692284217,0.268461538048891,0.00504307693157059,9.07128204688048,7.59517948933137,12.1615384957729,4.56651283410879,2.48309846168909
"201750212",35.0666669014173,34.8764101859851,35.1447692284217,0.268461538048891,0.00504307693157059,9.07128204688048,7.59517948933137,12.1615384957729,4.56651283410879,2.48309846168909
"201750214",35.0666669014173,34.8764101859851,35.1447692284217,0.268461538048891,0.00504307693157059,9.07128204688048,7.59517948933137,12.1615384957729,4.56651283410879,2.48309846168909
"201750215",35.0666669014173,34.8764101859851,35.1447692284217,0.268461538048891,0.00504307693157059,9.07128204688048,7.59517948933137,12.1615384957729,4.56651283410879,2.48309846168909
"201750216",35.0666669014173,34.8764101859851,35.1447692284217,0.268461538048891,0.00504307693157059,9.07128204688048,7.59517948933137,12.1615384957729,4.56651283410879,2.48309846168909
"201750217",35.0666669014173,34.8764101859851,35.1447692284217,0.268461538048891,0.00504307693157059,9.07128204688048,7.59517948933137,12.1615384957729,4.56651283410879,2.48309846168909
"201750218",35.0666669014173,34.8764101859851,35.1447692284217,0.268461538048891,0.00504307693157059,9.07128204688048,7.59517948933137,12.1615384957729,4.56651283410879,2.48309846168909
"201750219",35.0666669014173,34.8764101859851,35.1447692284217,0.268461538048891,0.00504307693157059,9.07128204688048,7.59517948933137,12.1615384957729,4.56651283410879,2.48309846168909
"201750221",35.0666669014173,34.8764101859851,35.1447692284217,0.268461538048891,0.00504307693157059,9.07128204688048,7.59517948933137,12.1615384957729,4.56651283410879,2.48309846168909
"201750222",35.0666669014173,34.8764101859851,35.1447692284217,0.268461538048891,0.00504307693157059,9.07128204688048,7.59517948933137,12.1615384957729,4.56651283410879,2.48309846168909
"201750223",35.0666669014173,34.8764101859851,35.1447692284217,0.268461538048891,0.00504307693157059,9.07128204688048,7.59517948933137,12.1615384957729,4.56651283410879,2.48309846168909
"201750224",35.0666669014173,34.8764101859851,35.1447692284217,0.268461538048891,0.00504307693157059,9.07128204688048,7.59517948933137,12.1615384957729,4.56651283410879,2.48309846168909
"201750225",35.0666669014173,34.8764101859851,35.1447692284217,0.268461538048891,0.00504307693157059,9.07128204688048,7.59517948933137,12.1615384957729,4.56651283410879,2.48309846168909
"201750226",35.0666669014173,34.8764101859851,35.1447692284217,0.268461538048891,0.00504307693157059,9.07128204688048,7.59517948933137,12.1615384957729,4.56651283410879,2.48309846168909
"201750227",35.0666669014173,34.8764101859851,35.1447692284217,0.268461538048891,0.00504307693157059,9.07128204688048,7.59517948933137,12.1615384957729,4.56651283410879,2.48309846168909
"201750228",35.0666669014173,34.8764101859851,35.1447692284217,0.268461538048891,0.00504307693157059,9.07128204688048,7.59517948933137,12.1615384957729,4.56651283410879,2.48309846168909
"201750231",35.0666669014173,34.8764101859851,35.1447692284217,0.268461538048891,0.00504307693157059,9.07128204688048,7.59517948933137,12.1615384957729,4.56651283410879,2.48309846168909
"201750232",35.0666669014173,34.8764101859851,35.1447692284217,0.268461538048891,0.00504307693157059,9.07128204688048,7.59517948933137,12.1615384957729,4.56651283410879,2.48309846168909
"201750233",35.0666669014173,34.8764101859851,35.1447692284217,0.268461538048891,0.00504307693157059,9.07128204688048,7.59517948933137,12.1615384957729,4.56651283410879,2.48309846168909
"201750234",35.0666669014173,34.8764101859851,35.1447692284217,0.268461538048891,0.00504307693157059,9.07128204688048,7.59517948933137,12.1615384957729,4.56651283410879,2.48309846168909
"201750235",35.0666669014173,34.8764101859851,35.1447692284217,0.268461538048891,0.00504307693157059,9.07128204688048,7.59517948933137,12.1615384957729,4.56651283410879,2.48309846168909
"201750236",35.0666669014173,34.8764101859851,35.1447692284217,0.268461538048891,0.00504307693157059,9.07128204688048,7.59517948933137,12.1615384957729,4.56651283410879,2.48309846168909
"201750237",35.0666669014173,34.8764101859851,35.1447692284217,0.268461538048891,0.00504307693157059,9.07128204688048,7.59517948933137,12.1615384957729,4.56651283410879,2.48309846168909
"201750238",35.0666669014173,34.8764101859851,35.1447692284217,0.268461538048891,0.00504307693157059,9.07128204688048,7.59517948933137,12.1615384957729,4.56651283410879,2.48309846168909
"1552004523",35.1081159287605,35.0539133744539,35.1728982602916,0.119082123365091,0.0013507246416611,7.28985507707089,4.16560386689965,12.06521741434,7.89951689577333,7.00792607017185
"1552004524",35.1081159287605,35.0539133744539,35.1728982602916,0.119082123365091,0.0013507246416611,7.28985507707089,4.16560386689965,12.06521741434,7.89951689577333,7.00792607017185
"1552004526",35.1081159287605,35.0539133744539,35.1728982602916,0.119082123365091,0.0013507246416611,7.28985507707089,4.16560386689965,12.06521741434,7.89951689577333,7.00792607017185
"1552004722",35.1081159287605,35.0539133744539,35.1728982602916,0.119082123365091,0.0013507246416611,7.28985507707089,4.16560386689965,12.06521741434,7.89951689577333,7.00792607017185
"1552004723",35.1081159287605,35.0539133744539,35.1728982602916,0.119082123365091,0.0013507246416611,7.28985507707089,4.16560386689965,12.06521741434,7.89951689577333,7.00792607017185
"1552004724",35.1081159287605,35.0539133744539,35.1728982602916,0.119082123365091,0.0013507246416611,7.28985507707089,4.16560386689965,12.06521741434,7.89951689577333,7.00792607017185
"1552005123",35.1081159287605,35.0539133744539,35.1728982602916,0.119082123365091,0.0013507246416611,7.28985507707089,4.16560386689965,12.06521741434,7.89951689577333,7.00792607017185
"1552005124",35.1081159287605,35.0539133744539,35.1728982602916,0.119082123365091,0.0013507246416611,7.28985507707089,4.16560386689965,12.06521741434,7.89951689577333,7.00792607017185
"1552005125",35.1081159287605,35.0539133744539,35.1728982602916,0.119082123365091,0.0013507246416611,7.28985507707089,4.16560386689965,12.06521741434,7.89951689577333,7.00792607017185
"1552005524",35.1081159287605,35.0539133744539,35.1728982602916,0.119082123365091,0.0013507246416611,7.28985507707089,4.16560386689965,12.06521741434,7.89951689577333,7.00792607017185
"1552005525",35.1081159287605,35.0539133744539,35.1728982602916,0.119082123365091,0.0013507246416611,7.28985507707089,4.16560386689965,12.06521741434,7.89951689577333,7.00792607017185
"1552005923",35.1081159287605,35.0539133744539,35.1728982602916,0.119082123365091,0.0013507246416611,7.28985507707089,4.16560386689965,12.06521741434,7.89951689577333,7.00792607017185
"1552005924",35.1081159287605,35.0539133744539,35.1728982602916,0.119082123365091,0.0013507246416611,7.28985507707089,4.16560386689965,12.06521741434,7.89951689577333,7.00792607017185
"1552006326",35.1081159287605,35.0539133744539,35.1728982602916,0.119082123365091,0.0013507246416611,7.28985507707089,4.16560386689965,12.06521741434,7.89951689577333,7.00792607017185
"1552006327",35.1081159287605,35.0539133744539,35.1728982602916,0.119082123365091,0.0013507246416611,7.28985507707089,4.16560386689965,12.06521741434,7.89951689577333,7.00792607017185
"2015505610",35.1081159287605,35.0539133744539,35.1728982602916,0.119082123365091,0.0013507246416611,7.28985507707089,4.16560386689965,12.06521741434,7.89951689577333,7.00792607017185
"2015505612",35.1081159287605,35.0539133744539,35.1728982602916,0.119082123365091,0.0013507246416611,7.28985507707089,4.16560386689965,12.06521741434,7.89951689577333,7.00792607017185
"2015505613",35.1081159287605,35.0539133744539,35.1728982602916,0.119082123365091,0.0013507246416611,7.28985507707089,4.16560386689965,12.06521741434,7.89951689577333,7.00792607017185
"2015505622",35.1081159287605,35.0539133744539,35.1728982602916,0.119082123365091,0.0013507246416611,7.28985507707089,4.16560386689965,12.06521741434,7.89951689577333,7.00792607017185
"2015505623",35.1081159287605,35.0539133744539,35.1728982602916,0.119082123365091,0.0013507246416611,7.28985507707089,4.16560386689965,12.06521741434,7.89951689577333,7.00792607017185
"2015505624",35.1081159287605,35.0539133744539,35.1728982602916,0.119082123365091,0.0013507246416611,7.28985507707089,4.16560386689965,12.06521741434,7.89951689577333,7.00792607017185
"201550562",35.1081159287605,35.0539133744539,35.1728982602916,0.119082123365091,0.0013507246416611,7.28985507707089,4.16560386689965,12.06521741434,7.89951689577333,7.00792607017185
"201550563",35.1081159287605,35.0539133744539,35.1728982602916,0.119082123365091,0.0013507246416611,7.28985507707089,4.16560386689965,12.06521741434,7.89951689577333,7.00792607017185
"201550564",35.1081159287605,35.0539133744539,35.1728982602916,0.119082123365091,0.0013507246416611,7.28985507707089,4.16560386689965,12.06521741434,7.89951689577333,7.00792607017185
"201550565",35.1081159287605,35.0539133744539,35.1728982602916,0.119082123365091,0.0013507246416611,7.28985507707089,4.16560386689965,12.06521741434,7.89951689577333,7.00792607017185
"201550566",35.1081159287605,35.0539133744539,35.1728982602916,0.119082123365091,0.0013507246416611,7.28985507707089,4.16560386689965,12.06521741434,7.89951689577333,7.00792607017185
"201550567",35.1081159287605,35.0539133744539,35.1728982602916,0.119082123365091,0.0013507246416611,7.28985507707089,4.16560386689965,12.06521741434,7.89951689577333,7.00792607017185
"201550568",35.1081159287605,35.0539133744539,35.1728982602916,0.119082123365091,0.0013507246416611,7.28985507707089,4.16560386689965,12.06521741434,7.89951689577333,7.00792607017185
"201550569",35.1081159287605,35.0539133744539,35.1728982602916,0.119082123365091,0.0013507246416611,7.28985507707089,4.16560386689965,12.06521741434,7.89951689577333,7.00792607017185
"PH6",30.3346728922051,28.2182242848049,31.2599999614965,3.04196263139493,0.797744859323323,10.7090653927527,5.59168224795678,16.7792523107796,11.1868224366803,16.9489392877739
"PH5",30.3346728922051,28.2182242848049,31.2599999614965,3.04196263139493,0.797744859323323,10.7090653927527,5.59168224795678,16.7792523107796,11.1868224366803,16.9489392877739
"PH4",30.3346728922051,28.2182242848049,31.2599999614965,3.04196263139493,0.797744859323323,10.7090653927527,5.59168224795678,16.7792523107796,11.1868224366803,16.9489392877739
"PH3",30.3346728922051,28.2182242848049,31.2599999614965,3.04196263139493,0.797744859323323,10.7090653927527,5.59168224795678,16.7792523107796,11.1868224366803,16.9489392877739
"PH2",30.3346728922051,28.2182242848049,31.2599999614965,3.04196263139493,0.797744859323323,10.7090653927527,5.59168224795678,16.7792523107796,11.1868224366803,16.9489392877739
"PH1",30.3346728922051,28.2182242848049,31.2599999614965,3.04196263139493,0.797744859323323,10.7090653927527,5.59168224795678,16.7792523107796,11.1868224366803,16.9489392877739
"NS3",33.3162251908258,31.8476158419982,34.4583444405865,2.61192052727503,0.773882119466137,9.99125828332459,4.28701988513896,17.6363576105888,13.3491390746161,20.9466973866848
"NS2",33.3162251908258,31.8476158419982,34.4583444405865,2.61192052727503,0.773882119466137,9.99125828332459,4.28701988513896,17.6363576105888,13.3491390746161,20.9466973866848
"NS1",33.3162251908258,31.8476158419982,34.4583444405865,2.61192052727503,0.773882119466137,9.99125828332459,4.28701988513896,17.6363576105888,13.3491390746161,20.9466973866848
"BAH3",33.4468279192525,32.5679032520581,34.2938170689408,1.72650537503663,0.287743010908686,2.64419354546455,0.696236556455974,6.28225805426157,5.58629031335154,2.98910268916879
"BAH2",33.4468279192525,32.5679032520581,34.2938170689408,1.72650537503663,0.287743010908686,2.64419354546455,0.696236556455974,6.28225805426157,5.58629031335154,2.98910268916879
"BAH1",33.4468279192525,32.5679032520581,34.2938170689408,1.72650537503663,0.287743010908686,2.64419354546455,0.696236556455974,6.28225805426157,5.58629031335154,2.98910268916879
"BF3",17.9170229234768,15.6887022557149,19.9547328220979,4.26641224358828,1.72141984491858,9.74412217030998,1.7551145021242,18.6835114573704,16.9280915806312,36.54342681943
"BF2",17.9170229234768,15.6887022557149,19.9547328220979,4.26641224358828,1.72141984491858,9.74412217030998,1.7551145021242,18.6835114573704,16.9280915806312,36.54342681943
"BF1",17.9170229234768,15.6887022557149,19.9547328220979,4.26641224358828,1.72141984491858,9.74412217030998,1.7551145021242,18.6835114573704,16.9280915806312,36.54342681943
"NsSB",29.6914583047231,28.463645875454,30.9161457618078,2.45281250029802,0.813461455516517,8.13135419785976,-0.673124998807907,18.6592706739902,19.3317707876364,51.3500333229701
"NsSA",29.6914583047231,28.463645875454,30.9161457618078,2.45281250029802,0.813461455516517,8.13135419785976,-0.673124998807907,18.6592706739902,19.3317707876364,51.3500333229701
"NsFB",30.0490909923207,29.2551515174635,30.8857576485836,1.63090908707994,0.336271211956487,8.27560609759706,-0.44757575725177,18.533030278755,18.9804546471798,47.6123287894509
"NsFA",30.0490909923207,29.2551515174635,30.8857576485836,1.63090908707994,0.336271211956487,8.27560609759706,-0.44757575725177,18.533030278755,18.9804546471798,47.6123287894509
"InBB",29.0941268981449,27.0263493250287,30.9287301926386,3.90253971871876,1.92531587207128,7.02492063007657,-0.553968251106285,16.4525397164481,17.0050793602353,39.048333304269
"InBA",29.0941268981449,27.0263493250287,30.9287301926386,3.90253971871876,1.92531587207128,7.02492063007657,-0.553968251106285,16.4525397164481,17.0050793602353,39.048333304269
"GeBB",31.6484127196055,31.3963491954501,31.885952268328,0.489444442921215,0.0259357142956957,7.3729365250421,1.84190476230449,13.4294444114443,11.5873015721639,17.4426967757089
"GeBA",31.6484127196055,31.3963491954501,31.885952268328,0.489444442921215,0.0259357142956957,7.3729365250421,1.84190476230449,13.4294444114443,11.5873015721639,17.4426967757089
"FBB",31.7760550122742,31.2160550563707,32.2295413585978,1.0139449408295,0.0974889908225165,6.00009173646979,0.0122018344700336,15.5185321405393,15.5069724354175,28.6194852076539
"FBA",31.7760550122742,31.2160550563707,32.2295413585978,1.0139449408295,0.0974889908225165,6.00009173646979,0.0122018344700336,15.5185321405393,15.5069724354175,28.6194852076539
"BoBB",31.8681889181062,30.9466142278957,32.5975591704601,1.65070865848872,0.329184252211428,5.11283463005006,-1.02236220222993,14.4351968539981,15.457637809393,28.1543731989823
"BoBA",31.8681889181062,30.9466142278957,32.5975591704601,1.65070865848872,0.329184252211428,5.11283463005006,-1.02236220222993,14.4351968539981,15.457637809393,28.1543731989823
"MB1",33.2556250572205,32.1433124303818,34.0439998149872,1.90106248930097,0.351903749629855,9.15243746638298,3.62000001349952,16.6095000445843,12.9899999916553,19.9374818503857
"MB2",6.10240741129275,5.82583332503283,6.28981480775056,0.46472221971662,0.0241046296260147,6.96777775994054,0.100648148451,17.6250925858815,17.5252777558786,37.654496440181
"MB3",6.10240741129275,5.82583332503283,6.28981480775056,0.46472221971662,0.0241046296260147,6.96777775994054,0.100648148451,17.6250925858815,17.5252777558786,37.654496440181
"MB4",6.10240741129275,5.82583332503283,6.28981480775056,0.46472221971662,0.0241046296260147,6.96777775994054,0.100648148451,17.6250925858815,17.5252777558786,37.654496440181
"MB5",6.10240741129275,5.82583332503283,6.28981480775056,0.46472221971662,0.0241046296260147,6.96777775994054,0.100648148451,17.6250925858815,17.5252777558786,37.654496440181
"MB6",6.10240741129275,5.82583332503283,6.28981480775056,0.46472221971662,0.0241046296260147,6.96777775994054,0.100648148451,17.6250925858815,17.5252777558786,37.654496440181
"MB7",6.10240741129275,5.82583332503283,6.28981480775056,0.46472221971662,0.0241046296260147,6.96777775994054,0.100648148451,17.6250925858815,17.5252777558786,37.654496440181
"MB8",6.10240741129275,5.82583332503283,6.28981480775056,0.46472221971662,0.0241046296260147,6.96777775994054,0.100648148451,17.6250925858815,17.5252777558786,37.654496440181
